0,0,0,0,0,0
0.157069875894851,1.56508592885523,-0.156994882065949,0.178994338373749,-0.253553624396496,-0.208758705236234
0.152177521348199,1.51836404400904,-0.152472409731873,0.179337378070453,-0.245673452767722,-0.206823046801581
0.147736443961631,1.47270874815058,-0.147767971811816,0.180458920948878,-0.239109134121504,-0.203860166686026
0.143283175256486,1.42834409739368,-0.143349016292523,0.181458753844898,-0.232665584991775,-0.200771883001141
0.13896310461743,1.38523675406853,-0.139061544842775,0.182399403990048,-0.226376971371571,-0.197563840910634
0.134772012136115,1.34335437972482,-0.134901792867038,0.183283889377187,-0.220241071401696,-0.194266282553683
0.130705950133473,1.30266518016106,-0.130865990979573,0.184114800204244,-0.214255604471636,-0.190905715498175
0.126761128907512,1.2631380209396,-0.126950469456434,0.184893635701823,-0.208418190889205,-0.187505206380164
0.122933896310145,1.22474254371816,-0.123151670635343,0.185620268348481,-0.202726338910857,-0.184084675751141
0.119220729856158,1.18744927690423,-0.119466150095216,0.186292501982606,-0.197177437880862,-0.180661187142912
0.115618232106214,1.15122973547109,-0.115890575352646,0.186905716750597,-0.191768754415764,-0.177249212447066
0.11212312727485,1.11605650617165,-0.112421723701451,0.187452595753361,-0.18649743057329,-0.173860857481176
0.108750931115251,1.08256322007598,-0.109070065637164,0.174182640135813,-0.180493220567513,-0.162888928769186
0.105480569026366,1.05007504748789,-0.105818963534889,0.168944388650425,-0.175205133246626,-0.156677723400926
0.10230894598078,1.01856182805112,-0.102665358902903,0.1639750837954,-0.170073696963388,-0.150771317755965
0.0992330633401126,0.987994306186639,-0.0996062888703663,0.159197099411683,-0.165088712928509,-0.145117766359644
0.0962500155038032,0.958344103984456,-0.096638882938288,0.154575567264229,-0.160243763272303,-0.139691124431366
0.0933569867203832,0.929583694902017,-0.0937603598830033,0.150090879488453,-0.15553384808362,-0.13447511102748
0.0905512480495765,0.901686378246046,-0.0909680247965215,0.145730263110682,-0.150954652417531,-0.129458096486949
0.0878301544638354,0.874626254415367,-0.0882592662515729,0.141484433178494,-0.14650225260304,-0.124631109026334
0.0851911420787275,0.848378200882621,-0.0856315535814509,0.137346036957469,-0.142172978572106,-0.119986894485056
0.0826317255025731,0.822917848893414,-0.0830824342663658,0.133308854375917,-0.137963341704147,-0.115519401732899
0.0801494952967171,0.798221560861885,-0.0806095314192248,0.129367364491896,-0.133869993121157,-0.111223450523668
0.0777421155387368,0.774266408442293,-0.0782105413646876,0.125516511834724,-0.129889696687829,-0.107094473735971
0.0754073214817086,0.751030151256693,-0.0758832313060891,0.121751595231382,-0.126019308726513,-0.103128282331669
0.0731429173033878,0.728491216259365,-0.0736254370754267,0.118068239363297,-0.122255760007215,-0.0993208296579279
0.0709467739397966,0.706628677719127,-0.0714350609621125,0.114462424583907,-0.118596037468503,-0.0956679690115584
0.0688168269982686,0.685422237801238,-0.0693100696166091,0.110930554699097,-0.115037164306816,-0.0921652103786636
0.0667510747454901,0.664852207731073,-0.0672484920254269,0.107469540884888,-0.111576177829861,-0.0888074900833429
0.0647475761665005,0.644899489522265,-0.0652484175542614,0.10407687633151,-0.108210104782248,-0.0855889699247652
0.0628044490909813,0.625545558252513,-0.0633079940563145,0.100750673651574,-0.104935933542926,-0.0825028790403444
0.0609198683834934,0.606772444870724,-0.0614254260430684,0.0974896379434503,-0.101750581437555,-0.079541401664147
0.0590920641945976,0.58856271951963,-0.0595989729149784,0.0942929534533206,-0.0986508531634402,-0.0766955978066004
0.0573193202700501,0.570899475358491,-0.0578269472497254,0.091160069391628,-0.0956333826377569,-0.0739553230924862
0.0555999723154772,0.553766312870939,-0.0561077131458209,0.0880903763009886,-0.09269454464879,-0.071309089183771
0.0539324064141324,0.537147324643447,-0.0544396846194932,0.0850827618255463,-0.0898303124975882,-0.0687437745061464
0.052315057495507,0.52102708060035,-0.0528213240529025,0.0821350151423364,-0.0870360184655284,-0.0662440461528588
0.0507464078527216,0.505390613681752,-0.0512511406918442,0.0792430005875356,-0.0843059336417579,-0.0637912643684525
0.0492249857067583,0.49022340595105,-0.0497276891911936,0.0763994238741847,-0.081632492905757,-0.061361465219989
0.0477493638157182,0.475511375119212,-0.0482495682064342,0.0735918456996115,-0.0790047708739475,-0.0589216869697227
0.046318158127398,0.46124086147332,-0.0468154190296932,0.0707994317282632,-0.076405240099379,-0.0564234786289922
0.0449300264735764,0.447398615197262,-0.045423924268779,0.0679888931350641,-0.0738022601788235,-0.053793601714279
0.043583667304494,0.433971784072819,-0.0440738065677839,0.0651226883638071,-0.0711318289158055,-0.0509414903065548
0.0422778184620871,0.420947901549738,-0.0427638273678753,0.0622963358112001,-0.0682653133782186,-0.0479683403187703
0.0410112559906128,0.408314875173732,-0.0414927857069584,0.060179614286182,-0.0651234314242998,-0.0458781275084495
0.0397827929833707,0.396060975361671,-0.0402595170569436,0.0584226787048448,-0.0620282493474854,-0.0442731498077772
0.0385912784642863,0.384174824513549,-0.0390628921974034,0.0567210257998836,-0.05907118048584,-0.042739024023677
0.0374355963031795,0.372645386451122,-0.0379018161244488,0.0550712344883686,-0.0562486290431042,-0.0412689854505641
0.0363146641635952,0.361461956173436,-0.0367752269936993,0.0534717547269732,-0.0535571154682493,-0.0398592832533738
0.0352274324821206,0.350614149919706,-0.0356820950962604,0.0519211646207747,-0.0509927543349353,-0.0385065358250297
0.0341728834781597,0.340091895530358,-0.0346214218666638,0.0504180251474399,-0.0485515234587353,-0.0372075757570158
0.0331500301931812,0.329885423097273,-0.0335922389217576,0.0489608971503622,-0.0462292632396362,-0.0359594441721504
0.0321579155584881,0.319985255894546,-0.032593607129575,0.0475483449060843,-0.0440217227072716,-0.0347593810890417
0.0311956114906055,0.310382201581374,-0.0316246157072364,0.0461789430549132,-0.0419245911666795,-0.0336048169205481
0.0302622180134092,0.301067343668871,-0.0306843813469766,0.0448512820106633,-0.0399335288811547,-0.0324933629162738
0.0293568624061599,0.292032033242923,-0.0297720473694163,0.0435639729196788,-0.0380441939917042,-0.0314228012691894
0.0284786983766315,0.283267880935378,-0.0288867829032272,0.0423156519212702,-0.0362522664891431,-0.0303910749666396
0.0276269052585606,0.274766749136135,-0.0280277820903688,0.0411049837966719,-0.034553469254463,-0.0293962775816658
0.0268006872326702,0.266520744438891,-0.0271942633160987,0.0399306650246032,-0.0329435863795513,-0.0284366431375761
0.0259992725705484,0.258522210313548,-0.0263854684629879,0.0387914262871272,-0.0314184789426621,-0.027510536160872
0.0252219129006959,0.250763719998466,-0.0256006621881954,0.0376860344687257,-0.0299740984253506,-0.0266164420122276
0.024467882496077,0.243238069605977,-0.0248391312232804,0.0366132941946821,-0.0286064979547572,-0.0257529575648989
0.023736477582542,0.235938271434752,-0.0241001836958552,0.0355720489550288,-0.0273118415528825,-0.0249187822816795
0.0230270156675101,0.228857547482818,-0.0233831484724034,0.0345611818595883,-0.0260864115697723,-0.0241127097259385
0.0223388348883316,0.221989323155206,-0.0226873745216097,0.0335796160679245,-0.0249266144715096,-0.0233336195290189
0.0216712933797727,0.215327221160385,-0.0220122302975709,0.0326263149356642,-0.0238289851467514,-0.022580469825248
0.0210237686600943,0.20886505558982,-0.021357103142275,0.0317002819158561,-0.0227901898875829,-0.0218522901567776
0.0203956570352186,0.202596826175163,-0.0207213987067602,0.0308005602509774,-0.0218070281919306,-0.021148174843197
0.0197863730205061,0.196516712717733,-0.0201045403903806,0.0299262324880496,-0.0208764335258867,-0.0204672768052159
0.0191953487796927,0.190619069685132,-0.0195059687976265,0.0290764198461706,-0.019995473175236,-0.019808801827386
0.0186220335805582,0.184898420969972,-0.0189251412119675,0.0282502814627006,-0.0191613473063789,-0.019172003241726
0.0180658932669286,0.179349454805846,-0.0183615310862011,0.0274470135414516,-0.0183713873478429,-0.0185561770119784
0.0175264097466373,0.173967018835828,-0.0178146275488106,0.026665848423514,-0.0176230537947577,-0.0179606571969462
0.0170030804950976,0.168746115328929,-0.0172839349258502,0.0259060535988801,-0.0169139335301224,-0.0173848117707579
0.0164954180741623,0.163681896540056,-0.016768972277895,0.0251669306747873,-0.0162417367484726,-0.016828038777847
0.0160029496659726,0.158769660209184,-0.0162692729516066,0.0244478143147127,-0.0156042935597058,-0.0162897628008546
0.0155252166215199,0.154004845195539,-0.0157843841454822,0.0237480711601892,-0.0149995503433879,-0.0157694317203719
0.0150617740236689,0.149383027242776,-0.0153138664893709,0.0230670987460955,-0.0144255659168457,-0.0152665137464509
0.0146121902644063,0.144899914871175,-0.0148572936373533,0.0224043244187466,-0.013880507573779,-0.0147804947029803
0.0141760466361,0.140551345393089,-0.0144142518735954,0.021759204265002,-0.0133626470440003,-0.0143108755473289
0.0137529369365694,0.136333281047912,-0.0139843397308009,0.0211312220596516,-0.0128703564192161,-0.013857170109031
0.0133424670877751,0.132241805252992,-0.0135671676208991,0.0205198882375462,-0.0124021040845134,-0.0134189030327106
0.0129442547679474,0.128273118967013,-0.013162357477614,0.0199247388962823,-0.0119564506903749,-0.012995607911849
0.0125579290569732,0.124423537162472,-0.0127695424105757,0.0193453348346736,-0.0115320451956146,-0.0125868256013942
0.0121831300948596,0.120689485403969,-0.0123883663706406,0.0187812606317955,-0.0111276210075691,-0.0121921026985594
0.0118195087530836,0.117067496529145,-0.0120184838260984,0.0182321237709508,-0.0107419922421937,-0.011810990182442
0.0114667263186214,0.113554207429184,-0.0116595594494502,0.0176975538125544,-0.0103740501233541,-0.0114430422042899
0.0111244541904323,0.110146355925903,-0.01131126781445,0.0171772016195531,-0.0100227595375677,-0.0110878150213615
0.0107923735881415,0.106840777742525,-0.0109732931031062,0.0166707386386004,-0.00968715575769912,-0.0107448660682813
0.010470175272631,0.103634403565327,-0.0106453288223436,0.0161778562397255,-0.00936634134663534,-0.0104137531606245
0.0101575592782085,0.100524256193452,-0.0103270775300338,0.0156982651165504,-0.00905948324972504,-0.0100940338260325
0.00985423465597404,0.0975074477742287,-0.0100182505700971,0.0152316947480804,-0.0087658100827491,-0.009785264758343
0.00955991922795261,0.0945811771214556,-0.00971856781638685,0.0147778929213646,-0.00848460962034695,-0.00948700138978152
0.00927433935150413,0.0917427271141493,-0.00942775742506349,0.0143366253112166,-0.00821522648811837,-0.00919879757455029
0.00899722969346228,0.0889894621733599,-0.00914555559516531,0.0139076751072906,-0.00795706005995068,-0.00892020537304853
0.0087283330133933,0.0863188258147153,-0.00887170633708257,0.0134908426670087,-0.00770956256031123,-0.00865077491675202
0.00846739995530853,0.0837283382744261,-0.00860596124863894,0.013085945148174,-0.00747223736889985,-0.00839005431358535
0.00821418884710743,0.0812155942065574,-0.00834807929848175,0.0126928160213746,-0.00724463752130488,-0.00813758950860149
0.00796846550698103,0.0787782604494329,-0.00809782661648095,0.0123113042403872,-0.00702636439211023,-0.00789292391167311
0.00773004012941849,0.076414073945189,-0.00785502435320572,0.0119412496145097,-0.00681584571906866,-0.00765564267904717
0.00749873159788915,0.0741208394979995,-0.00761949772007318,0.0115823559684364,-0.00661162876594036,-0.00742552606893343
0.00727432831576387,0.071896427685894,-0.00739102887517734,0.0112342956654088,-0.00641353384382833,-0.0072023658086793
0.00705662494128542,0.0697387729984386,-0.00716940649582654,0.0108967297166196,-0.00622137755484097,-0.00698594070413485
0.00684542220387277,0.0676458719184118,-0.00695442558310556,0.0105693301058274,-0.00603498182702158,-0.00677603703933066
0.00664052672581133,0.0656157810610586,-0.00674588727235572,0.0102517794544795,-0.00585417378986109,-0.00657244830699261
0.00644175084916828,0.0636466153691976,-0.00654359864938759,0.00994377069491739,-0.0056787856487406,-0.00637497495015309
0.00624891246777724,0.0617365463625057,-0.00634737257224724,0.009645006751549,-0.00550865455889767,-0.00618342411436695
0.00606183486414141,0.0598838004393516,-0.00615702749836335,0.00935520022987672,-0.00534362249943041,-0.00599760941004904
0.00588034655110924,0.0580866572296032,-0.00597238731690774,0.00907407311325453,-0.00518353614778335,-0.00581735068446033
0.00570428111818085,0.0563434479968781,-0.00579328118620819,0.00880135646727493,-0.00502824675509551,-0.0056424738029064
0.00553347708230853,0.054652554088754,-0.00561954337605719,0.00853679015166931,-0.00487761002273603,-0.00547281043870949
0.00536777774305822,0.0530124054334968,-0.00545101311476573,0.0082801225396054,-0.00473148598030301,-0.00530819787154698
0.0052070310420036,0.0514214790819155,-0.00528753444081627,0.00803111024428334,-0.00458973886531799,-0.00514847879376018
0.00505108942622787,0.0498782977929833,-0.00512895605897357,0.00778951785271612,-0.00445223700481007,-0.00499350112425617
0.00489980971581275,0.0483814286619143,-0.00497513120071694,0.00755511766659022,-0.00431885269894999,-0.00484311782964299
0.00475305297519732,0.0469294817894237,-0.00482591748886155,0.00732768945009852,-0.00418946210686479,-0.00469718675225194
0.00461068438829347,0.0455211089909293,-0.00468117680624127,0.007107020184646,-0.00406394513473782,-0.00455557044472455
0.00447257313724779,0.0441550025445011,-0.00454077516832887,0.00689290383031605,-0.0039421853262763,-0.00441813601084637
0.00433859228474333,0.0428298939763926,-0.0044045825996742,0.00668514109399983,-0.00382406975560842,-0.00428475495233414
0.0042086186597378,0.0415445528830276,-0.00427247301404399,0.00648353920408151,-0.00370948892265514,-0.00415530302129648
0.00408253274653793,0.0402977857883453,-0.00414432409815129,0.00628791169157658,-0.0035983366510066,-0.00402966007809952
0.00396021857711263,0.0390884350354467,-0.00402001719886559,0.00609807817761931,-0.00349050998832003,-0.00390770995438233
0.00384156362655083,0.0379153777115095,-0.00389943721379852,0.00591386416719063,-0.00338590910924508,-0.00378934032098734
0.0037264587115722,0.0367775246049714,-0.00378247248516285,0.00573510084898721,-0.00328443722087224,-0.00367444256057633
0.00361479789200222,0.035673819194018,-0.00366901469680632,0.00556162490131988,-0.00318600047069227,-0.00356291164472073
0.00350647837512525,0.0346032366654323,-0.00355895877432432,0.00539327830393489,-0.00309050785704706,-0.00345464601525852
0.00340140042283219,0.0335647829628937,-0.00345220278815875,0.00522990815565106,-0.00299787114204626,-0.0033495474697379
0.00329946726148148,0.0325574938638439,-0.00334864785959327,0.00507136649769684,-0.002908004766919,-0.00324752105075308
0.00320058499439474,0.0315804340840638,-0.00324819806955776,0.00491751014264132,-0.00282082576976561,-0.00314847493901808
0.00310466251691075,0.0306326964091245,-0.00315076037015765,0.00476820050879956,-0.00273625370567049,-0.00305232035000412
0.00301161143392344,0.0297134008519127,-0.00305624449884626,0.00462330345999711,-0.0026542105691344,-0.00295897143399785
0.00292134597983198,0.0288216938354399,-0.00296456289516093,0.00448268915057504,-0.002574620718782,-0.00286834517943153
0.00283378294083314,0.0279567474001835,-0.00287563061994609,0.00434623187551751,-0.00249741080429824,-0.00278036131934966
0.00274884157948791,0.0271177584352188,-0.0027893652769886,0.00421380992557042,-0.00242250969554608,-0.00269494224088052
0.0026664435614966,0.0263039479324291,-0.00270568693699337,0.00408530544723754,-0.00234984841381621,-0.00261201289758893
0.00258651288461852,0.0255145602631021,-0.00262451806382904,0.00396060430751645,-0.00227936006515923,-0.00253150072458831
0.0025089758096739,0.0247488624762396,-0.00254578344297584,0.00383959596325351,-0.00221097977574978,-0.00245333555629663
0.00243376079356796,0.0240061436179275,-0.00246941011210988,0.00372217333497917,-0.00214464462923179,-0.002377449546725
0.00236079842427845,0.023285714071137,-0.00239532729375986,0.0036082326851015,-0.00208029360599425,-0.00230377709218866
0.00229002135774978,0.0225869049153402,-0.00232346632997444,0.00349767350031607,-0.00201786752432657,-0.00223225475633362
0.0022213642566385,0.0219090673053494,-0.00225376061894005,0.00339039837811044,-0.0019573089834033,-0.00216282119737639
0.00215476373085649,0.0212515718687965,-0.00218614555349106,0.00328631291721819,-0.0018985623080481,-0.00209541709745532
0.00209015827985978,0.0206138081217023,-0.00212055846145574,0.0031853256119048,-0.0018415734952277,-0.00202998509398732
0.00202748823663225,0.0199951839015832,-0.00205693854778315,0.00308734774994536,-0.00178629016222704,-0.00196646971294294
0.00196669571331524,0.0193951248175756,-0.00199522683839801,0.00299229331417588,-0.00173266149645775,-0.00190481730393545
0.0019077245484352,0.0188130737170623,-0.0019353661257318,0.0029000788874813,-0.00168063820685306,-0.00184497597703052
0.00185052025568304,0.0182484901683108,-0.00187730091588023,0.00281062356111502,-0.00163017247680297,-0.00178689554119035
0.00179502997420009,0.0177008499586379,-0.00182097737733853,0.0027238488462204,-0.00158121791858477,-0.0017305274442603
0.001741202420327,0.0171696446076377,-0.00176634329126751,0.00263967858844395,-0.00153372952924506,-0.00167582471441125
0.00168898784077299,0.0166543808950178,-0.00171334800324469,0.00255803888553868,-0.00148766364789037,-0.00162274190296428
0.0016383379671642,0.0161545804026112,-0.00166194237645639,0.00247885800784418,-0.00144297791434475,-0.0015712350285067
0.00158920597193105,0.0156697790701285,-0.00161207874628765,0.00240206632155407,-0.00139963122913395,-0.00152126152224209
0.00154154642549563,0.0151995267642497,-0.00156371087626836,0.00232759621467313,-0.00135758371475668,-0.0014727801744941
0.00149531525472129,0.0147433868606453,-0.00151679391533528,0.00225538202557886,-0.00131679667820482,-0.00142575108230807
0.00145046970258772,0.0143009358385438,-0.00147128435637056,0.00218535997410052,-0.00127723257469567,-0.00138013559809158
0.00140696828905574,0.0138717628874683,-0.00142713999597882,0.00211746809504096,-0.00123885497257997,-0.00133589627924018
0.00136477077308717,0.0134554695257745,-0.00138431989546584,0.00205164617406349,-0.0012016285193911,-0.00129299683870523
0.00132383811578609,0.0130516692306418,-0.00134278434298307,0.00198783568587598,-0.00116551890900136,-0.00125140209646249
0.00128413244462883,0.0126599870791638,-0.00130249481680317,0.0019259797346395,-0.00113049284985263,-0.00121107793184639
0.00124561701875077,0.0122800594002158,-0.00126341394969285,0.00186602299653744,-0.0010965180342292,-0.00117199123671899
0.00120825619525924,0.0119115334367694,-0.0012255054943504,0.00180791166444315,-0.00106356310854189,-0.00113410986945363
0.00117201539654242,0.0115540670183406,-0.00118873428987606,0.00175159339462094,-0.001031597644593,-0.00109740260970899
0.00113686107854523,0.0112073282432712,-0.00115306622924451,0.00169701725539605,-0.00100059211179243,-0.0010618391139811
0.00110276069998384,0.0108709951705448,-0.00111846822774949,0.0016441336777368,-0.000970517850296398,-0.00102738987192107
0.00106968269247134,0.0105447555208513,-0.00108490819239182,0.00159289440768318,-0.000941347045040016,-0.000994026163410842
0.00103759643152798,0.010228306386626,-0.00105235499218234,0.00154325246055687,-0.000913052700636303,-0.000961720016395468
0.00100647220844994,0.00992135395078722,-0.00102077842933279,0.00149516207689363,-0.000885608617114326,-0.000930444165465256
0.000976281203011572,0.00962361321392056,-0.000990149211307971,0.00144857868003017,-0.000858989366469453,-0.00090017201119501
0.00094699545697663,0.00933480772964611,-0.000960438923713556,0.00140345883527867,-0.000833170269999399,-0.000870877580243884
0.000918587848394758,0.00905466934793193,-0.000931620003994665,0.00135976021062246,-0.000808127376400051,-0.000842535486214781
0.00089103206666018,0.00878293796610816,-0.000903665715920945,0.00131744153886416,-0.000783837440594981,-0.000815120891297086
0.000864302588310246,0.00851936128735606,-0.000876550124834727,0.0012764625811565,-0.000760277903273094,-0.000788609468688152
0.000838374653542041,0.00826369458644463,-0.00085024807363951,0.00123678409184214,-0.000737426871109038,-0.000762977365818883
0.000813224243426007,0.008015700482498,-0.000824735159506661,0.00119836778453633,-0.000715263097641038,-0.000738201168398387
0.000788828057796037,0.00777514871858231,-0.000799987711278895,0.0011611762993717,-0.000693765964781193,-0.000714257865289689
0.000765163493796163,0.00754181594790815,-0.000775982767549744,0.00112517317133983,-0.000672915464932639,-0.000691124814250429
0.000742208625064497,0.00731548552645011,-0.000752698055398872,0.0010903227996514,-0.000652692183689484,-0.000668779708556312
0.000719942181535675,0.00709594731178771,-0.000730111969763594,0.00105659041804266,-0.000633077283093852,-0.0006472005445416
0.000698343529843573,0.00688299746798738,-0.000708203553427665,0.00102394206595169,-0.000614052485425833,-0.000626365590082858
0.000677392654306583,0.00667643827633717,-0.000686952477608887,0.000992344560498095,-0.000595600057501134,-0.000606253354076471
0.000657070138478311,0.00647607795176312,-0.000666339023127647,0.000961765469182737,-0.000577702795452474,-0.000586842556932838
0.00063735714724699,0.00628173046475519,-0.000646344062139061,0.000932173083241906,-0.000560344009969309,-0.000568112102148205
0.000618235409467416,0.00609321536863611,-0.000626949040411856,0.000903536391579379,-0.00054350751197254,-0.000550041048993545
0.000599687201109683,0.00591035763201748,-0.000608135960137708,0.000875825055205128,-0.000527177598699249,-0.000532608586376221
0.000581695328909486,0.00573298747628081,-0.00058988736325515,0.000849009382107792,-0.000511339040173962,-0.000515794007928515
0.0005642431145051,0.00556094021793783,-0.000572186315272694,0.000823060302492753,-0.000495977066042339,-0.000499576688386884
0.000547314379046733,0.00539405611572046,-0.000555016389576257,0.000797949344305529,-0.000481077352744782,-0.000483936061316243
0.00053089342826422,0.00523218022226244,-0.000538361652206416,0.000773648608986803,-0.000466626011005896,-0.000468851598253331
0.000514965037979537,0.00507516224022885,-0.000522206647091444,0.000750130747367219,-0.000452609573618667,-0.000454302789324195
0.000499514440050951,0.00492285638276569,-0.000506536381722519,0.000727368935655618,-0.000439014983500893,-0.000440269125412416
0.000484527308736036,0.00477512123813772,-0.000491336313257893,0.000705336851435077,-0.000425829582002801,-0.000426730081937759
0.00046998974746115,0.00463181963842614,-0.000476592335043168,0.000684008649606033,-0.000413041097446386,-0.00041366510432022
0.000455888275985337,0.00449281853217118,-0.000462290763535291,0.000663358938212639,-0.000400637633876594,-0.000401053595183177
0.000442209817946953,0.00435798886083174,-0.000448418325618152,0.00064336275408096,-0.000388607660006728,-0.000388874903368163
0.00042894168878168,0.00422720543895732,-0.0004349621462981,0.000623995538206588,-0.000376939998341266,-0.000377108314818926
0.000416071584000915,0.00410034683795266,-0.000421909736768014,0.000605233110832595,-0.000365623814460755,-0.000365733045384645
0.000403587567819839,0.00397729527333313,-0.000409248982828907,0.000587051646146651,-0.000354648606455019,-0.000354728235597834
0.000391478062124794,0.00385793649536179,-0.000396968133658362,0.000569427646550117,-0.000344004194492757,-0.000344072947472413
0.000379731835769897,0.00374215968297051,-0.000385055790915444,0.000552337916427081,-0.000333680710517522,-0.000333746163350885
0.000368337994193113,0.00362985734086314,-0.000373500898172004,0.000535761213802516,-0.000323667775723982,-0.000323729516348643
0.000357285969342299,0.0035209251997067,-0.000362292730660624,0.000519682039807838,-0.000313955279887393,-0.000314013523777728
0.00034656550990202,0.0034152621193198,-0.000351420885329731,0.000504085459939641,-0.000304534209791834,-0.000304589159738626
0.000336166671812186,0.00331276999476402,-0.000340875271196676,0.000488956988096387,-0.000295395822528985,-0.000295447669393901
0.000326079809069847,0.00321335366525495,-0.000330646099989882,0.000474282573110088,-0.000286531637397154,-0.000286580560820648
0.000316295564805719,0.00311692082580728,-0.000320723877071392,0.000460048585681951,-0.000277933428042715,-0.000277979597111012
0.000306804862627281,0.00302338194153028,-0.000311099392631443,0.000446241805709745,-0.000269593214836767,-0.000269636788707772
0.000297598898220493,0.00293265016449542,-0.000301763713146913,0.000432849409997105,-0.000261503257479959,-0.000261544385971533
0.00028866913120248,0.002844641253101,-0.000292708173095752,0.000419858960332433,-0.000253656047828691,-0.000253694871973208
0.000280007277217662,0.00275927349385394,-0.000283924366919714,0.000407258391926209,-0.000246044302936065,-0.00024608095550074
0.000271605300270127,0.00267646762550029,-0.000275404141227998,0.000395036002195147,-0.000238660958301211,-0.0002386955642771
0.000263455405285184,0.00259614676543283,-0.000267139587234538,0.000383180439883841,-0.000231499161320726,-0.000231531838383043
0.000255550030893289,0.00251823633830679,-0.000259123033421994,0.000371680694514152,-0.000224552264936184,-0.000224583123877414
0.00024788184242971,0.0024426640067979,-0.000251347038425608,0.000360526086149926,-0.000217813821471923,-0.000217842966608581
0.000240443725143513,0.00236935960443861,-0.000243804384130388,0.000349706255470864,-0.000211277576657351,-0.000211305106212464
0.000233228777609613,0.00229825507046976,-0.000236488068975197,0.000339211154145187,-0.000204937463828288,-0.000204963470291409
0.000226230305337863,0.0022292843866483,-0.000229391301457579,0.000329031035488902,-0.000198787598302011,-0.000198812168767874
0.000219441814573286,0.00216238351594929,-0.000222507493833283,0.000319156445408778,-0.00019282227192077,-0.000192845488407419
0.000212857006281765,0.0020974903431098,-0.000215830256004671,0.000309578213616064,-0.000187035947758776,-0.00018705788750723
0.00020646977031564,0.00203454461695611,-0.000209353389592368,0.000300287445103821,-0.000181423254987756,-0.000181443990742988
0.00020027417975389,0.00197348789446187,-0.000203070882184613,0.0002912755118809,-0.000175978983896317,-0.000175998584172466
0.000194264485411623,0.00191426348648435,-0.000196976901759058,0.000282534044954732,-0.000170698081058569,-0.000170716610387973
0.000188435110513888,0.00185681640513103,-0.000191065791271785,0.000274054926553851,-0.000165575644647478,-0.000165593163815013
0.000182780645528876,0.00180109331270338,-0.000185332063408584,0.000265830282586055,-0.000160606919888669,-0.000160623486152579
0.000177295843155741,0.00174704247217518,-0.000179770395493587,0.000257852475319858,-0.000155787294650472,-0.000155802961949247
0.000171975613462457,0.00169461369915503,-0.000174375624550584,0.000250114096289009,-0.000151112295166091,-0.000151127114313576
0.000166815019169198,0.00164375831529161,-0.000169142742512404,0.00024260795940778,-0.000146577581884011,-0.000146591600752324
0.00016180927107292,0.00159442910307728,-0.000164066891573972,0.000235327094296331,-0.00014217894544274,-0.000142192209136227
0.000156953723608922,0.00154658026200786,-0.000159143359684691,0.000228264739802104,-0.000137912302766217,-0.00013792485378264
0.000152243870545285,0.00150016736605754,-0.000154367576176008,0.000221414337719303,-0.000133773693276226,-0.000133785571659931
0.000147675340806231,0.00145514732243084,-0.000149735107520094,0.00021476952669491,-0.00012975927521837,-0.000129770518704051
0.000143243894420543,0.0014114783315516,-0.000145241653215723,0.000208324136319985,-0.000125865322098152,-0.000125875966246435
0.000138945418591312,0.00136911984825414,-0.000140883041797519,0.000202072181396335,-0.000122088219223886,-0.000122098297547919
0.000134775923883395,0.00132803254413689,-0.000136655226964893,0.000196007856376097,-0.000118424460353266,-0.000118434004439209
0.000130731540525037,0.00128817827104805,-0.00013255428382707,0.000190125529968156,-0.000114870644440444,-0.00011487968405906
0.000126808514820279,0.00124952002566539,-0.000128576405260742,0.000184419739907859,-0.000111423472480625,-0.000111432035694316
0.000123003205668817,0.00121202191514008,-0.000124717898376945,0.000178885187881101,-0.000108079744449293,-0.000108087857711699
0.000119312081190112,0.00117564912377133,-0.000120975181093904,0.000173516734604389,-0.000104836356333164,-0.000104844044582097
0.00011573171544862,0.00114036788068057,-0.000117344778812687,0.000168309395048208,-0.000101690297250186,-0.000101697583997305
0.000112258785277142,0.00110614542845637,-0.000113823321192534,0.000163258333809116,-9.86386466558786e-05,-9.86455540690258e-05
0.000108890067195325,0.00107294999273919,-0.000110407539022936,0.000158358860616347,-9.56785716334354e-05,-9.56851206149408e-05
0.000105622434420493,0.00104075075272194,-0.000107094261189514,0.000153606425975068,-9.28073242650858e-05,-9.28135345253871e-05
0.000102452853968054,0.0010095178125317,-0.000103880411730908,0.000148996616940842,-9.00222390822877e-05,-9.00281292094015e-05
9.93783838387669e-05,0.000979222173473573,-0.000100763006983956,0.000144525153020712,-8.73207305923528e-05,-8.7326318116867e-05
9.63961702903123e-05,0.000949835707104743,-9.77391528144798e-05,0.000140187882197033,-8.47002908792777e-05,-8.47055923363689e-05
9.35034451906071e-05,0.000921331129120026,-9.48060419311664e-05,0.000135980777070468,-8.21584872764845e-05,-8.21635182625757e-05
9.06975234504413e-05,0.000893681974017829,-9.19609512800042e-05,0.000131899931120662,-7.96929601093794e-05,-7.96977353378271e-05
8.797580053306e-05,0.000866862570527909,-8.92012395168775e-05,0.000127941555074553,-7.73014205055985e-05,-7.73059538567233e-05
8.53357500383792e-05,0.000840848017776794,-8.65243445559755e-05,0.00012410197339098,-7.49816482709203e-05,-7.49859528406953e-05
8.27749213595993e-05,0.000815614162167815,-8.39277811917556e-05,0.000120377620844334,-7.27314898288934e-05,-7.27355779746602e-05
8.02909374100633e-05,0.000791137574955337,-8.14091387922284e-05,0.000116765039213157,-7.05488562222377e-05,-7.05527396051676e-05
7.78814924182519e-05,0.000767395530491789,-7.89660790614436e-05,0.000113260874069109,-6.84317211742183e-05,-6.84354107985517e-05
7.5544349788859e-05,0.000744365985127652,-7.65963338691004e-05,0.000109861871661218,-6.63781192081214e-05,-6.63816254605883e-05
7.32773400279999e-05,0.000722027556744558,-7.42977031452619e-05,0.000106564875893642,-6.43861438231695e-05,-6.43894765079339e-05
7.10783587305997e-05,0.000700359504902427,-7.20680528382379e-05,0.00010336682539418,-6.24539457251185e-05,-6.24571140973788e-05
6.89453646281246e-05,0.00067934171158358,-6.99053129337126e-05,0.000100264750672015,-6.05797311099577e-05,-6.05827439068351e-05
6.6876377694831e-05,0.000658954662512871,-6.78074755333162e-05,9.72557713592533e-05,-5.87617599990505e-05,-5.87646254706362e-05
6.48694773108041e-05,0.000639179429039049,-6.57725929908218e-05,9.43370935354277e-05,-5.69983446242448e-05,-5.70010705604973e-05
6.2922800480044e-05,0.000619997650561069,-6.37987761042755e-05,9.15060071334361e-05,-5.5287847861406e-05,-5.52904416191387e-05
6.10345401020061e-05,0.000601391517480794,-6.18841923623469e-05,8.87598834220727e-05,-5.36286817109478e-05,-5.36311502381314e-05
5.92029432949316e-05,0.00058334375466587,-6.00270642433028e-05,8.60961725655339e-05,-5.20193058239218e-05,-5.20216556845087e-05
5.74263097694871e-05,0.000565837605412662,-5.82256675650054e-05,8.35124012543948e-05,-5.04582260723428e-05,-5.04604634659163e-05
5.57029902511269e-05,0.00054885681588612,-5.64783298844195e-05,8.10061704088901e-05,-4.89439931623914e-05,-4.89461239467146e-05
5.40313849497951e-05,0.000532385620029863,-5.47834289451331e-05,7.85751529522216e-05,-4.74752012892014e-05,-4.74772309997978e-05
5.24099420754967e-05,0.000516408724927391,-5.31393911714599e-05,7.62170916472914e-05,-4.60504868320354e-05,-4.60524206989852e-05
5.08371563983836e-05,0.000500911296603224,-5.15446902077096e-05,7.39297970021454e-05,-4.46685270885643e-05,-4.46703700555014e-05
4.9311567852018e-05,0.000485878946250252,-4.9997845501307e-05,7.17111452359722e-05,-4.33280390471401e-05,-4.33297957867376e-05
4.78317601785265e-05,0.000471297716869594,-4.84974209283949e-05,6.95590763068393e-05,-4.20277781959008e-05,-4.2029453125466e-05
4.63963596143723e-05,0.00045715407031299,-4.70420234606912e-05,6.74715919987957e-05,-4.07665373675804e-05,-4.07681346639081e-05
4.50040336155567e-05,0.000443434874712189,-4.5630301872335e-05,6.54467540666353e-05,-3.95431456190009e-05,-3.95446692308291e-05
4.36534896210266e-05,0.000430127392286811,-4.42609454855361e-05,6.34826824348471e-05,-3.83564671441539e-05,-3.83579208067106e-05
4.23434738531949e-05,0.000417219267517264,-4.29326829538631e-05,6.15775534528257e-05,-3.72054002199118e-05,-3.7206787465618e-05
4.10727701544078e-05,0.000404698515674219,-4.16442810820239e-05,5.97295982007617e-05,-3.60888761833538e-05,-3.60902003541387e-05
3.98401988583333e-05,0.000392553511690234,-4.03945436810683e-05,5.79371008472919e-05,-3.50058584397778e-05,-3.50071226973332e-05
3.86446156951716e-05,0.000380772979365565,-3.91823104579421e-05,5.61983970553286e-05,-3.39553415004743e-05,-3.39565488360736e-05
3.74849107297282e-05,0.000369345980901077,-3.80064559383471e-05,5.45118724382641e-05,-3.29363500493705e-05,-3.29375032945894e-05
3.63600073313117e-05,0.000358261906740946,-3.68658884219303e-05,5.28759610588621e-05,-3.19479380376623e-05,-3.19490398720428e-05
3.5268861174552e-05,0.000347510465721457,-3.57595489688176e-05,5.1289143976701e-05,-3.09891878056329e-05,-3.09902407660502e-05
3.42104592701646e-05,0.000337081675517536,-3.46864104165571e-05,4.97499478361511e-05,-3.00592092307932e-05,-3.00602157193066e-05
3.31838190248081e-05,0.000326965853374642,-3.36454764265565e-05,4.8256943500084e-05,-2.91571389016103e-05,-2.91581011926713e-05
3.21879873291194e-05,0.000317153607116475,-3.26357805591444e-05,4.68087447209694e-05,-2.82821393159828e-05,-2.8283059563528e-05
3.12220396731214e-05,0.000307635826427962,-3.16563853763608e-05,4.54040068546681e-05,-2.74333981038161e-05,-2.7434278348446e-05
3.0285079288159e-05,0.000298403674393077,-3.07063815716947e-05,4.40414256113563e-05,-2.66101272728768e-05,-2.66109694477288e-05
2.93762363145662e-05,0.000289448579293307,-2.97848871259166e-05,4.27197358453376e-05,-2.58115624773022e-05,-2.58123684145382e-05
2.84946669943146e-05,0.000280762226646467,-2.8891046488245e-05,4.14377103781804e-05,-2.50369623080518e-05,-2.50377337434018e-05
2.76395528878618e-05,0.000272336551488566,-2.80240297820914e-05,4.01941588618256e-05,-2.42856076046372e-05,-2.42863461838975e-05
2.6810100114512e-05,0.000264163730886078,-2.7183032034623e-05,3.89879266708819e-05,-2.35568007875161e-05,-2.35575080705447e-05
2.60055386155502e-05,0.000256236176670676,-2.63672724294524e-05,3.78178938323143e-05,-2.28498652105033e-05,-2.28505426766929e-05
2.52251214394825e-05,0.000248546528395704,-2.5575993581752e-05,3.66829739842949e-05,-2.21641445326266e-05,-2.21647935850993e-05
2.44681240487246e-05,0.00024108764650143,-2.48084608351134e-05,3.55821133678719e-05,-2.14990021088213e-05,-2.14996240782101e-05
2.37338436470841e-05,0.000233852605687057,-2.40639615795111e-05,3.45142898487794e-05,-2.08538203989116e-05,-2.08544165479404e-05
2.30215985274161e-05,0.000226834688479764,-2.3341804589727e-05,3.34785119673815e-05,-2.02280003943165e-05,-2.02285719207503e-05
2.23307274388535e-05,0.000220027378998014,-2.26413193836304e-05,3.24738180192937e-05,-1.96209610619621e-05,-1.9621509103025e-05
2.16605889730151e-05,0.000213424356902245,-2.19618555997131e-05,3.1499275161567e-05,-1.90321388048916e-05,-1.90326644401152e-05
2.10105609686355e-05,0.0002070194915261,-2.13027823932985e-05,3.05539785468678e-05,-1.84609869390365e-05,-1.84614911932665e-05
2.03800399340393e-05,0.000200806836185447,-2.06634878508793e-05,2.9637050482539e-05,-1.79069751857012e-05,-1.79074590321198e-05
1.97684404869717e-05,0.000194780622655063,-2.00433784220089e-05,2.87476396166421e-05,-1.73695891792814e-05,-1.73700535422398e-05
1.91751948111972e-05,0.000188935255814741,-1.94418783682653e-05,2.78849201470906e-05,-1.68483299897401e-05,-1.68487757476803e-05
1.859975212943e-05,0.000183265308454575,-1.88584292287308e-05,2.70480910548647e-05,-1.63427136594208e-05,-1.63431416466006e-05
1.80415781920654e-05,0.000177765516234373,-1.8292489301524e-05,2.6236375359527e-05,-1.58522707537514e-05,-1.58526817633821e-05
1.75001547812492e-05,0.000172430772797254,-1.77435331408762e-05,2.54490193990311e-05,-1.53765459254438e-05,-1.5376940711371e-05
1.69749792298373e-05,0.000167256125027796,-1.72110510693059e-05,2.46843689965291e-05,-1.49151480200706e-05,-1.49139814323358e-05
1.64655639547614e-05,0.000162236768454402,-1.66945487044457e-05,2.39356386308886e-05,-1.44677847983924e-05,-1.44535351862768e-05
1.59714360044336e-05,0.000157368042787198,-1.61935465000364e-05,2.31957882694786e-05,-1.40341439810711e-05,-1.39849280724709e-05
1.54921366196897e-05,0.000152645427592014,-1.57075793007269e-05,2.24583884376318e-05,-1.36139131472809e-05,-1.34985108621245e-05
1.50272208079363e-05,0.000148064538092517,-1.52361959102153e-05,2.17175855224903e-05,-1.32067788883603e-05,-1.2985625402325e-05
1.4576256930063e-05,0.000143621121099549,-1.47789586723467e-05,2.09680693957919e-05,-1.2812426177397e-05,-1.24385700582814e-05
1.41388262997406e-05,0.000139311051062525,-1.4335443064798e-05,2.02050432180288e-05,-1.24305379418184e-05,-1.1850564320906e-05
1.37145227947544e-05,0.00013513032623903,-1.39052373049438e-05,1.94241952858595e-05,-1.20607948255245e-05,-1.12157127002278e-05
1.33029524799972e-05,0.000131075064977866,-1.34879419675446e-05,1.86216727899928e-05,-1.17028751272622e-05,-1.05289680308853e-05
1.29037332417635e-05,0.000127141502117708,-1.3083169613919e-05,1.77940573609778e-05,-1.13564548984358e-05,-9.78609431993273e-06
1.25164944330321e-05,0.000123325985488018,-1.26905444322394e-05,1.6938342275125e-05,-1.10212081861146e-05,-8.98362925641402e-06
1.21408765293801e-05,0.000119624972521577,-1.23097018886136e-05,1.60519112092174e-05,-1.06968074030541e-05,-8.11884651069617e-06
1.17765307952219e-05,0.000116035026962484,-1.19402883886569e-05,1.51325184235725e-05,-1.03829238103574e-05,-7.18971794532925e-06
1.14231189600675e-05,0.000112552815677811,-1.15819609491944e-05,1.41782702702284e-05,-1.0079228095129e-05,-6.19487584919853e-06
1.10803129044963e-05,0.000109175105560776,-1.12343868798317e-05,1.31876079235887e-05,-9.78539102712123e-06,-5.13357531771842e-06
1.0747794355537e-05,0.000105898760531612,-1.0897243474085e-05,1.21592912277531e-05,-9.50108417832258e-06,-4.00565687549938e-06
1.04252545912128e-05,0.00010272073862345,-1.05702177097589e-05,1.10923835716453e-05,-9.22598069156779e-06,-2.81150945167871e-06
1.01123941539313e-05,9.96380891588022e-05,-1.02530059583368e-05,9.98623769927337e-06,-8.95975608168482e-06,-1.55203379878291e-06
9.80892257247589e-06,9.66479500103591e-05,-9.9453137030837e-06,8.84048236679682e-06,-8.70208905617363e-06,-2.28606443875284e-07
9.51455809237227e-06,9.37475449433667e-05,-9.64685526559932e-06,7.65500976629007e-06,-8.45266234195255e-06,1.15695574636845e-06
9.22902741428106e-06,9.09341810376039e-05,-9.35735354059902e-06,6.42996363776399e-06,-8.21116350656086e-06,2.60243031267777e-06
8.95206544029915e-06,8.82052461873251e-05,-9.07653973862995e-06,5.16572798734498e-06,-7.97728576142053e-06,4.10522320197908e-06
8.68341502783978e-06,8.55582066765057e-05,-8.80415313653073e-06,3.8629163543851e-06,-7.75072873782802e-06,5.66240194898662e-06
8.42282675092747e-06,8.299060482575e-05,-8.53994083534795e-06,2.52236154463258e-06,-7.53119922615157e-06,7.2707280038164e-06
8.17005866861377e-06,8.05000567105892e-05,-8.28365752555267e-06,1.14510577235373e-06,-7.31841186907222e-06,8.92668814753398e-06
7.92487610038264e-06,7.80842499484444e-05,-8.03506525928662e-06,-2.67608849253279e-07,-7.11208980259647e-06,1.06265249707452e-05
7.68705140826875e-06,7.5740941550373e-05,-7.79393322942782e-06,-1.71434953078597e-06,-6.91196523861093e-06,1.23662663764628e-05
7.45636378552911e-06,7.34679558408702e-05,-7.56003755531933e-06,-3.19350179350071e-06,-6.71777998363411e-06,1.41417540836952e-05
7.23259905164822e-06,7.12631824357648e-05,-7.33316107489696e-06,-4.7032782768545e-06,-6.52928588860266e-06,1.5948671118196e-05
7.01554945349044e-06,6.91245742834791e-05,-7.11309314307417e-06,-6.24172740638967e-06,-6.3462452283119e-06,1.77825682618273e-05
6.8050134724285e-06,6.70501457647158e-05,-6.89962943616972e-06,-7.80674197283757e-06,-6.16843100661705e-06,1.96388894641889e-05
6.60079563726042e-06,6.50379708482382e-05,-6.69257176220155e-06,-9.39606765910308e-06,-5.99562718682884e-06,2.1512996196516e-05
6.40270634272643e-06,6.30861813038549e-05,-6.49172787688708e-06,-1.10073115526786e-05,-5.82762884681634e-06,2.3400190748837e-05
6.21056167348212e-06,6.11929649656699e-05,-6.29691130514795e-06,-1.26379506724846e-05,-5.66424225912682e-06,2.52957384667159e-05
6.02418323336119e-06,5.93565640522039e-05,-6.10794116797699e-06,-1.42853405399102e-05,-5.50528489621985e-06,2.71948889193573e-05
5.84339797974376e-06,5.75752735321732e-05,-5.92464201450923e-06,-1.59467238158299e-05,-5.35058536456816e-06,2.90928960146105e-05
5.66803806290513e-06,5.58474395423945e-05,-5.74684365911926e-06,-1.76192390218208e-05,-5.19998326800774e-06,3.09850370430998e-05
5.49794067018081e-06,5.41714578525952e-05,-5.57438102342161e-06,-1.92999293559174e-05,-5.05332900502943e-06,3.28666306692428e-05
5.33294787481949e-06,5.2545772375023e-05,-5.40709398299588e-06,-2.09857516170179e-05,-4.91048350263031e-06,3.47330538654843e-05
5.17290648935658e-06,5.09688737199613e-05,-5.24482721872858e-06,-2.26735852352867e-05,-4.77131789114972e-06,3.65797577977375e-05
5.01766792339073e-06,4.94392977955723e-05,-5.08743007259814e-06,-2.43602414121166e-05,-4.63571312464235e-06,3.84022826676891e-05
4.86708804563837e-06,4.79556244459022e-05,-4.9347564078063e-06,-2.60424723641075e-05,-4.50355955216751e-06,4.0196271517738e-05
4.72102705011955e-06,4.65164761347119e-05,-4.78666447309217e-06,-2.77169806626323e-05,-4.37475644389252e-06,4.19574830156625e-05
4.57934932635192e-06,4.51205166655288e-05,-4.64301677112681e-06,-2.93804286588926e-05,-4.24921147901337e-06,4.36818032261174e-05
4.44192333345625e-06,4.37664499415271e-05,-4.5036799308538e-06,-3.10294479779288e-05,-4.12684019953923e-06,4.53652563861679e-05
4.30862147803214e-06,4.24530187609082e-05,-4.36852458365623e-06,-3.26606490742607e-05,-4.0075654370069e-06,4.70040147082813e-05
4.17931999569254e-06,4.11790036510834e-05,-4.23742524325457e-06,-3.42706308239631e-05,-3.89131671747836e-06,4.85944072288747e-05
4.05389883616548e-06,3.99432217356351e-05,-4.11026018919043e-06,-3.5855990144296e-05,-3.77802965029486e-06,5.01329277346083e-05
3.93224155182859e-06,3.87445256364455e-05,-3.98691135381769e-06,-3.74133316249067e-05,-3.66764530646425e-06,5.16162417939594e-05
3.81423518960737e-06,3.75818024080486e-05,-3.86726421268402e-06,-3.89392771555074e-05,-3.56010959243496e-06,5.30411929331539e-05
3.69977018609024e-06,3.64539725046789e-05,-3.75120767820201e-06,-4.04304755403708e-05,-3.45537262533555e-06,5.44048079956435e-05
3.58874026583077e-06,3.53599887772401e-05,-3.63863399650403e-06,-4.18836120914298e-05,-3.35338811394181e-06,5.57043017300925e-05
3.48104234265965e-06,3.42988355022764e-05,-3.5294386474037e-06,-4.32954181957647e-05,-3.25411275096906e-06,5.69370806498371e-05
3.37657642398135e-06,3.32695274378387e-05,-3.42352024735328e-06,-4.4662680854591e-05,-3.15750562220246e-06,5.81007462245451e-05
3.27524551794527e-06,3.22711089091328e-05,-3.32078045530955e-06,-4.59822521974122e-05,-3.06352763661275e-06,5.91930974478187e-05
3.17695554338445e-06,3.13026529209789e-05,-3.22112388143568e-06,-4.72510589774447e-05,-2.97214098082382e-06,6.02121328399117e-05
3.08161524248446e-06,3.0363260297861e-05,-3.12445799852901e-06,-4.84661120560859e-05,-2.88330860387548e-06,6.11560519437376e-05
2.98913609603639e-06,2.94520588477068e-05,-3.03069305612173e-06,-4.96245158895251e-05,-2.79699373461519e-06,6.20232563637941e-05
2.89943224126371e-06,2.85682025534231e-05,-2.93974199714749e-06,-5.07234780353722e-05,-2.71315943544227e-06,6.2812350411729e-05
2.81242039211084e-06,2.77108707873576e-05,-2.8515203771075e-06,-5.17603186900722e-05,-2.63176819519034e-06,6.3522141407398e-05
2.72801976190544e-06,2.68792675478538e-05,-2.76594628568172e-06,-5.27324802803069e-05,-2.55278156488365e-06,6.41516396867048e-05
2.64615198836157e-06,2.60726207218967e-05,-2.68294027066434e-06,-5.363753712304e-05,-2.476159837475e-06,6.47000583661834e-05
2.56674106081741e-06,2.52901813677419e-05,-2.60242526420615e-06,-5.44732051714101e-05,-2.40186177115239e-06,6.51668129130619e-05
2.48971324967525e-06,2.45312230190835e-05,-2.52432651125556e-06,-5.52373518644577e-05,-2.32984436684693e-06,6.55515205546679e-05
2.4149970379375e-06,2.37950410107044e-05,-2.44857150015227e-06,-5.59280060911196e-05,-2.2600626885793e-06,6.5853999571252e-05
2.34252305481343e-06,2.30809518244162e-05,-2.37508989530697e-06,-5.6543368277261e-05,-2.19246973633086e-06,6.60742685028716e-05
2.27222401131222e-06,2.23882924550665e-05,-2.30381347189466e-06,-5.70818206069554e-05,-2.12701636835583e-06,6.62125452982011e-05
2.2040346377699e-06,2.17164197939208e-05,-2.23467605250795e-06,-5.7541937369797e-05,-2.06365127443969e-06,6.62692464320264e-05
2.1378916232455e-06,2.10647100313349e-05,-2.16761344572309e-06,-5.79224954403479e-05,-2.00232099775934e-06,6.62449860115162e-05
2.07373355674719e-06,2.0432558079078e-05,-2.10256338649512e-06,-5.82224848692934e-05,-1.94297000669045e-06,6.61405748908139e-05
2.01150087021196e-06,1.98193770073109e-05,-2.03946547834539e-06,-5.84411195809714e-05,-1.88554081333638e-06,6.59570198100455e-05
1.95113578319956e-06,1.92245974995774e-05,-1.97826113729037e-06,-5.85778481459693e-05,-1.82997413791528e-06,6.56955225677383e-05
1.89258224925018e-06,1.86476673251987e-05,-1.91889353744983e-06,-5.86323646086898e-05,-1.77620911681343e-06,6.53574792468573e-05
1.83578590384429e-06,1.80880508253234e-05,-1.86130755828206e-06,-5.86046193332483e-05,-1.72418355178685e-06,6.49444794974547e-05
1.78069401393442e-06,1.75452284170738e-05,-1.80544973341059e-06,-5.84948298283975e-05,-1.67383419606078e-06,6.44583058960321e-05
1.72725542897492e-06,1.70186961096557e-05,-1.75126820097792e-06,-5.83034915091796e-05,-1.62509707545116e-06,6.39009333839424e-05
1.675420533445e-06,1.65079650366767e-05,-1.69871265550206e-06,-5.80313883473435e-05,-1.57790783892765e-06,6.32745288078179e-05
1.62514120077019e-06,1.60125610034525e-05,-1.64773430116433e-06,-5.7679603352904e-05,-1.53220213494688e-06,6.25814505690155e-05
1.57637074864989e-06,1.55320240451665e-05,-1.59828580650481e-06,-5.72495288369952e-05,-1.48791600823822e-06,6.18242484048424e-05
1.52906389571108e-06,1.50659080014593e-05,-1.55032126047595e-06,-5.67428763914e-05,-1.44498631121662e-06,6.10056633155483e-05
1.48317671946378e-06,1.46137801003458e-05,-1.50379612982223e-06,-5.61616865206967e-05,-1.40335112579595e-06,6.01286276619549e-05
1.43866661552869e-06,1.41752205574236e-05,-1.45866721772635e-06,-5.55083378690684e-05,-1.36295018743621e-06,5.91962654603689e-05
1.39549225807248e-06,1.37498221869074e-05,-1.41489262370534e-06,-5.47855559646123e-05,-1.32372530680865e-06,5.82118928938725e-05
1.35361356144858e-06,1.33371900212105e-05,-1.37243170470637e-06,-5.39964214239742e-05,-1.2856207807037e-06,5.71790190812935e-05
1.31299164296986e-06,1.29369409473188e-05,-1.33124503737641e-06,-5.31443775397007e-05,-1.24858378627306e-06,5.61013471285023e-05
1.27358878681672e-06,1.25487033477177e-05,-1.29129438145371e-06,-5.2233237186251e-05,-1.21256475155202e-06,5.49827754981158e-05
1.23536840901269e-06,1.21721167586646e-05,-1.25254264426363e-06,-5.12671889735006e-05,-1.17751769502579e-06,5.38273997425754e-05
1.19829502346562e-06,1.1806831533431e-05,-1.21495384627879e-06,-5.02508025790147e-05,-1.14340052629696e-06,5.26395146273535e-05
1.16233420901098e-06,1.14525085180897e-05,-1.17849308772372e-06,-4.91890331901458e-05,-1.11017530213644e-06,5.1423616700688e-05
1.12745257746419e-06,1.11088187361276e-05,-1.14312651615518e-06,-4.8087224994005e-05,-1.07780843021792e-06,5.01844073403772e-05
1.09361774261199e-06,1.07754430847448e-05,-1.10882129504494e-06,-4.69511136388109e-05,-1.04627081440699e-06,4.89267963278155e-05
1.06079829014888e-06,1.04520720368428e-05,-1.07554557328676e-06,-4.57868276182123e-05,-1.01553793581015e-06,4.76559059971222e-05
1.02896374850829e-06,1.01384053536154e-05,-1.0432684556262e-06,-4.46008885048637e-05,-9.85589863256064e-07,4.6377075995777e-05
9.98084560574716e-07,9.83415180824205e-06,-1.01195997396831e-06,-4.34002099789636e-05,-9.56411189033572e-07,4.5095868712386e-05
9.68132056232351e-07,9.53902891152383e-06,-9.81591059569601e-07,-4.21920956006863e-05,-9.2799088636087e-07,4.38180754134322e-05
9.39078425757235e-07,9.25276265314623e-06,-9.52133516030534e-07,-4.09842352665536e-05,-9.00322084029199e-07,4.25497231334207e-05
9.10896693992571e-07,8.97508724505092e-06,-9.23559993128188e-07,-3.97847003121101e-05,-8.73401757752422e-07,4.12970823701537e-05
8.83560695301787e-07,8.70574487629851e-06,-8.95843961414936e-07,-3.86019372073887e-05,-8.47230337042005e-07,4.00666756239942e-05
8.57045049273623e-07,8.44448547192821e-06,-8.6895968759658e-07,-3.74447598167457e-05,-8.21811227734202e-07,3.88652868320765e-05
8.31325137166762e-07,8.19106646219783e-06,-8.42882210630488e-07,-3.63210433054854e-05,-7.97148909442979e-07,3.76989404252684e-05
8.06377079041267e-07,7.94525255701436e-06,-8.17587318555916e-07,-3.54207263701786e-05,-1.84254239690241e-06,3.67512220919059e-05
7.8217771159287e-07,7.70681552733094e-06,-7.93051526009903e-07,-3.6028884966149e-05,-1.12871822270751e-05,3.72630214961204e-05
7.58704566652264e-07,7.47553399270576e-06,-7.69252052430806e-07,-3.9582864113231e-05,-3.68521143367e-05,4.06033925128045e-05
7.35935850296437e-07,7.25119321696547e-06,-7.46166800890621e-07,-4.77097985400122e-05,-8.54780812791561e-05,4.82766806914758e-05
7.13850422677246e-07,7.03358490811526e-06,-7.23774337592856e-07,-6.26159767188155e-05,-0.000163237531276723,6.22462917503633e-05
6.92427778323451e-07,6.82250702443839e-06,-7.02053871968805e-07,-8.78132879480288e-05,-0.000275117386628853,8.55333628981626e-05
6.71648027087166e-07,6.61776358811752e-06,-6.80985237404664e-07,-0.000129483574597274,-0.000424533593205524,0.000123342827311492
6.5149187582723e-07,6.41916450226991e-06,-6.60548872436582e-07,-0.000198716017091684,-0.000612346645987102,0.000184931671577536
6.31940610302419e-07,6.22652537536572e-06,-6.4072580265558e-07,-0.000313735605867664,-0.000835176602345774,0.000285549061646624
6.12976077939372e-07,6.0396673485605e-06,-6.21497623096439e-07,-0.000497598989119566,-0.00108350349840506,0.000444775875086066
5.94580670875583e-07,5.85841693124347e-06,-6.02846481082069e-07,-0.00076452732593855,-0.00134194468983582,0.000675445399301284
5.76737309668885e-07,5.68260583877836e-06,-5.84755059754311e-07,-0.00110347167275133,-0.00159466650611862,0.000969728913248948
5.59429427444782e-07,5.51207083743307e-06,-5.6720656188474e-07,-0.00148544930070739,-0.00183275455686937,0.00130452294947224
5.42640954506196e-07,5.34665359133537e-06,-5.50184694364712e-07,-0.00188714409063059,-0.00205580788304037,0.00166093585150773
5.26356303392916e-07,5.1862005167562e-06,-5.33673652994193e-07,-0.00230024627512081,-0.00226825376907248,0.00203247299713792
5.10560354418505e-07,5.03056263883529e-06,-5.1765810791459e-07,-0.0027272940487781,-0.00247595776469225,0.00242187019432336
4.95236008363827e-07,4.87959570118801e-06,4.95233591817697e-07,-0.00317622835567191,-0.00268481691171416,0.0028366223830779
4.80373976848468e-07,4.73315903406074e-06,4.80371703174164e-07,-0.00365730045855459,-0.0029004867287623,0.00328637055224179
4.65957954854107e-07,4.59111693147921e-06,4.65955815586177e-07,-0.00418166047590975,-0.00312850699020675,0.00378168265083551
4.5197455763604e-07,4.45333751246505e-06,4.5197254484333e-07,-0.00476075007509184,-0.00337448021578462,0.00433349711376529
4.38410802079684e-07,4.3196928535964e-06,4.38408908275127e-07,-0.00540599878754628,-0.00364422553833877,0.00495282916123424
4.25254094814247e-07,4.1900588712965e-06,4.25252312975681e-07,-0.00612862370903048,-0.00394387559992802,0.00565056465636947
4.12492220257015e-07,4.06431520492721e-06,4.12490543764736e-07,-0.00693945040256799,-0.00427991528259264,0.00643727247572238
4.00113329525001e-07,3.94234510582224e-06,4.00111752134006e-07,-0.00784872762788827,-0.00465916472631663,0.00732301198007126
3.88105929200877e-07,3.82403532931793e-06,3.88104445096371e-07,-0.00886593069111069,-0.00508871004521485,0.00831713141344337
3.76458870952383e-07,3.70927602919881e-06,3.76457474541618e-07,-0.00999955730563863,-0.00557578566335139,0.00942806111380579
3.65161340846436e-07,3.59796065569588e-06,3.6516002706402e-07,-0.0112569234069944,-0.00612761308943265,0.0106631086108338
3.542028496208e-07,3.48998585656569e-06,3.54201613470729e-07,-0.0126439674218375,-0.006751202246227,0.0120282636048534
3.43573222664321e-07,3.38525138116712e-06,3.43572059580803e-07,-0.0141650713144336,-0.00745312296119927,0.0135280205496413
3.33262590843709e-07,3.28365998731364e-06,3.33261496524629e-07,-0.01582290587631,-0.00823925567681238,0.0151652255875854
3.23261381025011e-07,3.18511735128974e-06,3.23260351404178e-07,-0.0176183064679439,-0.00911453165092939,0.0169409531685542
3.13560307483261e-07,3.08953197958819e-06,3.13559338744283e-07,-0.0195501839415735,-0.0100826737394547,0.0188544160028438
3.04150363201104e-07,2.99681512503272e-06,3.04149451763512e-07,-0.0216154739033108,-0.0111459491916848,0.020902910208197
2.95022811236814e-07,2.90688070351126e-06,2.95021953645038e-07,-0.0238091259125415,-0.0123049457075693,0.0230817957594463
2.86169177133143e-07,2.81964521373461e-06,2.86168370250804e-07,-0.0261241327370674,-0.0135583813208399,0.0253845107824848
2.77581240493505e-07,2.7350276612416e-06,2.77580481295245e-07,-0.0285515984163479,-0.0149029575408374,0.027802616992065
2.69251027945938e-07,2.65294948093338e-06,2.69250313600689e-07,-0.0310808426280367,-0.0163332636960831,0.0303258727821852
2.61170804955207e-07,2.57333446693499e-06,2.61170132853944e-07,-0.0336995376749797,-0.0178417386734256,0.0329423302385889
2.53333069439023e-07,2.49610869993131e-06,2.53332437083744e-07,-0.0363938732834879,-0.0194186943296666,0.0356384527060697
2.45730544329548e-07,2.42120047802793e-06,2.4572994936103e-07,-0.0391487433452965,-0.0210524028334074,0.0383992504785723
2.3835617096757e-07,2.34854025177532e-06,2.38355611248632e-07,-0.0419479478493721,-0.0227292481012049,0.0412084335407166
2.31203102635451e-07,2.27806055930403e-06,2.31202575945648e-07,-0.0447744027497363,-0.0244339393188124,0.0440485817876128
2.24264697895791e-07,2.20969596184856e-06,2.24264202264477e-07,-0.0476103506961912,-0.0261497822753313,0.0469013343692788
2.17534514568466e-07,2.14338298620998e-06,2.17534048358062e-07,-0.050437566689705,-0.0278590019181301,0.0497476002742851
2.11006303957472e-07,2.07906006316636e-06,2.110058652806e-07,-0.0532375549092086,-0.0295431072789743,0.0525677915973643
2.04674005022251e-07,2.01666747071256e-06,2.04673592296842e-07,-0.0559917359639464,-0.0311832879386496,0.0553420790050671
1.98531738437997e-07,1.95614728004794e-06,1.98531350054228e-07,-0.0586816270632397,-0.0327608297314235,0.0580506660075038
1.92573801266589e-07,1.89744330031499e-06,1.92573435919947e-07,-0.0612890202376853,-0.0342575366052858,0.0606740754694902
1.8679466173854e-07,1.8405010271127e-06,1.86794317930224e-07,-0.0637961650110294,-0.0356561454370688,0.0631934392995023
1.8118895414597e-07,1.78526759167616e-06,1.81188630682492e-07,-0.0661859613778051,-0.0369407209642701,0.0655907812861916
1.75751473791098e-07,1.73169171172138e-06,1.75751169478967e-07,-0.0684421666816737,-0.0380970185854889,0.0678492839847261
1.70477172351051e-07,1.67972364387228e-06,1.70476886080044e-07,-0.0705496165942555,-0.0391128034460546,0.0699535330907582
1.6536115249329e-07,1.62931513753091e-06,1.65360883125429e-07,-0.0724944567087744,-0.0399781150095291,0.0718897360069539
1.60398664489427e-07,1.58041939082932e-06,1.60398410997755e-07,-0.0742643781052688,-0.0406854674273085,0.0736459142327858
1.55585100775131e-07,1.53299100491616e-06,1.55584862326981e-07,-0.0758488481795588,-0.0412299776910327,0.075212070970651
1.5091599206435e-07,1.48698594479358e-06,1.50915767660521e-07,-0.0772393272799752,-0.0416094158996873,0.0765803356700228
1.46387003213729e-07,1.44236149704542e-06,1.46386792077065e-07,-0.0784294621938483,-0.0418241749182968,0.07774508643071
1.41993929336828e-07,1.39907622887006e-06,1.41993730690174e-07,-0.0794152490352061,-0.0418771600008019,0.0787030499252417
1.37732691640789e-07,1.35708995097115e-06,1.37732504706988e-07,-0.0801951603487871,-0.0417736022492932,0.079453377522251
1.33599333734841e-07,1.31636368178073e-06,1.33599157792247e-07,-0.0807702340903668,-0.0415208027071491,0.079997696196234
1.29590017772277e-07,1.27685960779646e-06,1.29589852321291e-07,-0.0811441255413062,-0.0411278160572608,0.0803401339720854
1.25701021425095e-07,1.2385410508856e-06,1.25700865799582e-07,-0.0813231273174402,-0.0406050839260427,0.0804873222912775
1.2192873380393e-07,1.20137243436765e-06,1.21928587393268e-07,-0.081316167819893,-0.0399640272011868,0.0804483820075256
1.18269652710251e-07,1.16531924770929e-06,1.18269514876062e-07,-0.0811348054785382,-0.0392166038335928,0.0802349061452639
1.14720380445268e-07,1.13034801743652e-06,1.1472025082673e-07,-0.0807932463048157,-0.0383748320021917,0.0798609620427398
1.11277621894801e-07,1.09642627352269e-06,1.11277499853535e-07,-0.0803084281120578,-0.0374502656027885,0.0793431500773099
1.07938180699006e-07,1.06352252107776e-06,1.07938065901945e-07,-0.0797002410459391,-0.0364533838877695,0.0787007798988803
1.04698955963342e-07,1.03160621040007e-06,1.04698847952519e-07,-0.0789919999277799,-0.0353928058894519,0.0779562659573179
1.01556940385068e-07,1.00064770830483e-06,1.01556838758027e-07,-0.0782113666292868,-0.0342741282642425,0.0771359174245949
9.85092166311421e-08,9.70618270479551e-07,9.85091210409397e-08,-0.0773920704491388,-0.0330979184370279,0.076271430811939
9.55529552149203e-08,9.41490016448529e-07,9.55528652313442e-08,-0.0765770264414941,-0.0318556967231398,0.0754026223461038
9.26854110405849e-08,9.13235901262151e-07,9.26853263860792e-08,-0.0758237234570855,-0.0305207198571189,0.0745822147484084
8.99039220014895e-08,8.85829692015679e-07,8.99038423846208e-08,-0.075211937643127,-0.0290239498502731,0.0738829952671868
8.72059053441786e-08,8.59245942841477e-07,8.720583043188e-08,-0.0748441094634269,-0.0271847951119063,0.0734004322645052
8.45888562806085e-08,8.33459972288218e-07,8.45887857953243e-08,-0.0747729570679189,-0.0245299543805153,0.0732014963245873
8.20503446713563e-08,8.08447838285354e-07,8.20502783632862e-08,-0.0747446490901531,-0.0203306210339073,0.0731237428475745
7.9588014012541e-08,7.84186318769724e-07,7.95879516596404e-08,-0.0744646768865447,-0.0153135123177171,0.0728848540465351
7.71995778137212e-08,7.60652887399424e-07,7.71995190829232e-08,-0.0739773013065115,-0.0104906414839452,0.0724447946527635
7.48828185986941e-08,7.37825694485729e-07,7.48827633650986e-08,-0.0733053748238501,-0.00595284823605933,0.0718188583834056
7.26355853658608e-08,7.15683545427011e-07,7.26355333727288e-08,-0.0724652764614921,-0.00171424100958955,0.0710233711109256
7.04557914441075e-08,6.9420588216801e-07,7.04557425387833e-08,-0.0714734839522685,0.0022146664658403,0.0700748507935549
6.83414131674773e-08,6.73372763576648e-07,6.83413671348551e-08,-0.0703465192951097,0.00582604983522509,0.0689898596072832
6.62904874743124e-08,6.53164846931057e-07,6.62904441756144e-08,-0.0691008031984037,0.00911475093881715,0.0677848572493607
6.43011099990586e-08,6.33563369933964e-07,6.43010692191792e-08,-0.0677525183753828,0.0120782517889373,0.0664760642513658
6.23714337295895e-08,6.14550133143416e-07,6.23713954338341e-08,-0.0663174835585503,0.0147166373173801,0.0650793360283557
6.04996672655437e-08,5.96107483624744e-07,6.04996311971732e-08,-0.0648110383996941,0.0170325492120003,0.0636100478129202
5.8684072257873e-08,5.78218298047417e-07,5.86840382781095e-08,-0.0632479391694018,0.0190311328987646,0.0620829903877426
5.692296336374e-08,5.60865967086407e-07,5.69229313893169e-08,-0.0616422650149763,0.0207199792429407,0.0605122763755759
5.52147051656488e-08,5.44034379296204e-07,5.52146751410548e-08,-0.0600073344543853,0.0221090620293081,0.0589112567643089
5.35577119268491e-08,5.2770790751058e-07,5.3557683678612e-08,-0.058355631772743,0.0232106717558258,0.0572924473336327
5.1950445034354e-08,5.11871393243957e-07,5.19504184341042e-08,-0.0566987430424295,0.0240393457513864,0.0556674647044517
5.03914122929071e-08,4.96510132980153e-07,5.03913873423794e-08,-0.0550473016033668,0.0246117941171777,0.0540469718475765
4.88791661798513e-08,4.81609863933771e-07,4.8879142669144e-08,-0.0534109430108872,0.0249468205025425,0.0524406330591626
4.74123024634208e-08,4.67156751893256e-07,4.74122802927874e-08,-0.0517982696794094,0.0250652362691859,0.0508570786311358
4.59894591788213e-08,4.5313737759291e-07,4.59894383656091e-08,-0.050216825714546,0.0249897661812474,0.0493038797092486
4.46093155947681e-08,4.3953872516657e-07,4.46092958939472e-08,-0.0486730827271273,0.0247449433928241,0.0477875341322796
4.32705899776442e-08,4.26348168075532e-07,4.32705715904428e-08,-0.0471724377512267,0.0243569911995057,0.0463134643744829
4.1972039537589e-08,4.1355345958839e-07,4.19720222092464e-08,-0.045719224733602,0.023853688787745,0.0448860290587211
4.07124586946951e-08,4.01142720096736e-07,4.07124423744166e-08,-0.0443167414100626,0.0232642180674599,0.0435085498558214
3.94906777759375e-08,3.89104427234176e-07,3.9490662371593e-08,-0.0429621248128057,0.0226493688145714,0.0421781870122023
3.83055626266457e-08,3.77427403386319e-07,3.83055481659908e-08,-0.0416496471292175,0.0220473154268582,0.0408892352558065
3.715601280438e-08,3.66100807086553e-07,3.71559992319035e-08,-0.040378030205521,0.0214577114034473,0.0396404367781268
3.60409608327488e-08,3.55114121636254e-07,3.6040948065184e-08,-0.0391459734067981,0.0208805718447223,0.0384305102656867
3.49593717146999e-08,3.44457146805872e-07,3.49593596410245e-08,-0.037952217995284,0.0203158883650181,0.0372582158802772
3.39102409079972e-08,3.3411998792699e-07,3.39102296114779e-08,-0.0367955458450182,0.019763630875762,0.0361223540010684
3.28925946664174e-08,3.24093046955027e-07,3.28925840360319e-08,-0.0356747781851028,0.0192237492795089,0.0350217639916709
3.1905487984104e-08,3.14367014447875e-07,3.19054779365857e-08,-0.0345887743721116,0.0186961750787221,0.0339553229929397
3.09480043132497e-08,3.04932860462075e-07,3.09479949041096e-08,-0.033536430691999,0.0181808229029402,0.032921944742118
3.00192547384025e-08,2.95781825254697e-07,3.00192458843739e-08,-0.0325166791917269,0.0176775919577519,0.0319205784187896
2.91183769374356e-08,2.86905412622e-07,2.91183685830074e-08,-0.0315284865407029,0.0171863673987909,0.0309502075179765
2.82445344004458e-08,2.78295381211939e-07,2.82445264901067e-08,-0.0305708529220297,0.0167070216337538,0.0300098487506156
2.73969159329427e-08,2.69943736780357e-07,2.7396908522204e-08,-0.0296428109534832,0.0162394155552624,0.0290985509715595
2.65747345363411e-08,2.61842725252096e-07,2.65747275974472e-08,-0.0287434246380545,0.0157833997072134,0.0282153941351623
2.57772267709772e-08,2.53984825171474e-07,2.57772202206614e-08,-0.0278717883438435,0.015338815387108,0.0273594882784445
2.5003652224808e-08,2.46362740569109e-07,2.50036460353146e-08,-0.0270270258130256,0.0149054956867123,0.0265299725317645
2.42532925380205e-08,2.3896939468915e-07,2.42532867926164e-08,-0.0262082891995643,0.0144832664732774,0.025726014156865
2.35254511804101e-08,2.31797923022638e-07,2.35254457403172e-08,-0.0254147581353128,0.0140719473134406,0.0249468076121166
2.28194523473137e-08,2.24841667423316e-07,2.28194472125322e-08,-0.0246456388240951,0.0136713523418341,0.0241915736447298
2.21346406354899e-08,2.1809416878016e-07,2.21346357782642e-08,-0.0239001631633366,0.0132812910763507,0.0234595584096625
2.14703801840907e-08,2.11549162881798e-07,2.14703756599319e-08,-0.0231775878927766,0.0129015691819401,0.0227500326149178
2.08260540614884e-08,2.05200572395149e-07,2.08260498148853e-08,-0.022477193769778,0.0125319891847593,0.0220622906928857
2.02010641657502e-08,1.99042503090664e-07,2.02010601134361e-08,-0.0217982847707204,0.0121723511384414,0.0213956499973546
1.95948302262546e-08,1.930692377361e-07,1.95948263682296e-08,-0.0211401873179521,0.0118224532442171,0.0207494500257867
1.90067894571551e-08,1.87275229768248e-07,1.90067858766858e-08,-0.0205022495317494,0.011482092426578,0.0201230516664288
1.84363957207679e-08,1.81655100101042e-07,1.84363923623433e-08,-0.0198838405067279,0.0111510648661498,0.0195158364698039
1.78831194801903e-08,1.76203630908312e-07,1.78831163715658e-08,-0.0192843496121352,0.0108291664914162,0.0189272059441122
1.73464469545585e-08,1.70915759684088e-07,1.7346443984712e-08,-0.0187031858154425,0.0105161934309166,0.0183565808740451
1.68258801204433e-08,1.65786577577266e-07,1.68258772893746e-08,-0.0181397770286475,0.0102119424275235,0.0178034006625086
1.63209355388024e-08,1.60811322535982e-07,1.63209329575339e-08,-0.0175935694766992,0.0099162112163909,0.0172671226947343
1.58311441817132e-08,1.55985374755697e-07,1.58311416837114e-08,-0.0170640270874428,0.00962879886815402,0.0167472217242427
1.53560515745177e-08,1.51304253681595e-07,1.53560492708049e-08,-0.0165506309024887,0.00934950609894622,0.0162431892801181
1.48952165111758e-08,1.4676361276278e-07,1.48952143184853e-08,-0.0160528785084045,0.00907813554879502,0.0157545330950485
1.44482109912025e-08,1.42359236732226e-07,1.44482089095343e-08,-0.0155702834876339,0.00881449202993726,0.0152807765535699
1.40146202238525e-08,1.38087036222201e-07,1.40146183087178e-08,-0.0151023748885432,0.0085583827465935,0.0148214581599619
1.3594041513952e-08,1.33943044045016e-07,1.35940397375951e-08,-0.0146486967140054,0.00830961748772359,0.014376131025233
1.31860843011506e-08,1.29923413277889e-07,1.3186082580305e-08,-0.0142088074279331,0.00806800879427194,0.0139443623726332
1.27903698316173e-08,1.26024411462034e-07,1.27903682495495e-08,-0.0137822794791799,0.0078333721024012,0.0135257330611383
1.24065310071874e-08,1.22242418992835e-07,1.24065295083864e-08,-0.0133686988422342,0.00760552586419331,0.013119837126346
1.20342109726182e-08,1.18573923901799e-07,1.20342095293283e-08,-0.0129676645741423,0.00738429164728268,0.0127262813382367
1.16730643076836e-08,1.15015520413264e-07,1.16730629199048e-08,-0.0125787883871002,0.00716949421486418,0.0123446847752489
1.13227556699409e-08,1.11563904725554e-07,1.132275442094e-08,-0.0122016942361707,0.00696096158750181,0.0119746784141313
1.09829597549002e-08,1.08215871819084e-07,1.09829585614105e-08,-0.011836017921585,0.00675852508813882,0.0116159047350381
1.06533611070759e-08,1.04968313596743e-07,1.06533599968529e-08,-0.0114814067051072,0.00656201937168498,0.0112680173413489
1.03336537011021e-08,1.01818214276461e-07,1.03336526741458e-08,-0.0111375189399476,0.00637128244053398,0.0109306805936946
1.00235406838034e-08,9.8762649836104e-08,1.00235396846027e-08,-0.01080402371372,0.00618615564733271,0.0106035692576882
9.72273428616617e-09,9.57987826843977e-08,9.72273337023218e-09,-0.0104806005039621,0.00600648368629308,0.0102863681648703
9.43095513166054e-09,9.29238611890871e-08,9.43095421572654e-09,-0.0101669388457354,0.00583211457430988,0.00997877188638597
9.14793213532047e-09,9.01352161242209e-08,9.14793135816435e-09,-0.00986273801084856,0.00566289962310811,0.00968048441892647
8.87340273055029e-09,8.74302582554166e-08,8.87340195339417e-09,-0.00956770669825531,0.0054986934036126,0.00939121888247829
8.60711190859856e-09,8.48064761749258e-08,8.60711115919802e-09,-0.00928156273519028,0.00533935370369039,0.00911069722943931
8.34881238509152e-09,8.2261433748121e-08,8.34881169120213e-09,-0.00900403278862412,0.00518474148038199,0.00883864996466635
8.09826466843578e-09,7.97927680040723e-08,8.09826397454639e-09,-0.00873485208663297,0.00503472080768979,0.00857481587604293
7.85523551781987e-09,7.73981871371455e-08,7.85523496270836e-09,-0.00847376414928451,0.00488915882095478,0.00831894177515828
7.61950013369288e-09,7.50754675094002e-08,7.61949952307021e-09,-0.00822052052866885,0.00474792565880165,0.00807078224770699
7.39083888563538e-09,7.28224527624111e-08,7.39083833052387e-09,-0.00797488055770389,0.00461089440359097,0.00783009941323327
7.16903977423699e-09,7.06370510139554e-08,7.1690393023922e-09,-0.00773661110736534,0.00447794102126106,0.00759666269385025
6.95389688039072e-09,6.85172330816553e-08,6.95389643630151e-09,-0.00750548635200745,0.00434894430139825,0.00737024859158423
6.74521046876361e-09,6.64610309009107e-08,6.7452100246744e-09,-0.00728128754244272,0.00422378579831485,0.00715064047399979
6.54278666030896e-09,6.44665353599639e-08,6.54278621621975e-09,-0.00706380278647608,0.00410234977386379,0.00693762836777907
6.34643765012661e-09,6.2531894662321e-08,6.34643728930413e-09,-0.00685282683659278,0.00398452314265639,0.0067310087599361
6.15598104690822e-09,6.06553125781506e-08,6.15598068608574e-09,-0.0066481608845135,0.0038701954202964,0.00653058440635853
5.97124001705504e-09,5.88350462238374e-08,5.97123971174371e-09,-0.00644961236234442,0.00375925867517629,0.00633616414738306
5.79204316831575e-09,5.70694067281164e-08,5.79204280749326e-09,-0.00625699475006297,0.00365160748432179,0.00614756273011806
5.61822387215587e-09,5.53567537919797e-08,5.61822356684454e-09,-0.00607012738908821,0.00354713889370257,0.00596460063723619
5.44962101315839e-09,5.36954978258564e-08,5.44962073560263e-09,-0.00588883530170117,0.00344575238335953,0.0057871039219746
5.28607783084117e-09,5.20840960915869e-08,5.28607755328541e-09,-0.00571294901608997,0.003347349837631,0.00561490404908001
5.12744267300261e-09,5.05210524248678e-08,5.12744242320243e-09,-0.00554230439680501,0.00325183552068245,0.00544783774145643
4.97356807723738e-09,4.90049155144057e-08,4.9735678274372e-09,-0.00537674248042548,0.00315911605747813,0.00528574683227034
4.8243112447537e-09,4.75342780692501e-08,4.82431102270909e-09,-0.00521610931624408,0.00306910042024803,0.00512847812228245
4.67953367618354e-09,4.61077746816141e-08,4.67953350965009e-09,-0.00506025581179308,0.00298169992043256,0.00497588324218262
4.5391008968165e-09,4.47240803835847e-08,4.53910070252747e-09,-0.0049090375830442,0.00289682820600519,0.00482781851970715
4.40288238343497e-09,4.33819106193667e-08,4.40288218914594e-09,-0.00476231480912286,0.002814401263992,0.00468414485133214
4.27075192316409e-09,4.20800197464821e-08,4.27075172887506e-09,-0.00461995209139741,0.00273433742792645,0.00454472757833403
4.14258674491953e-09,4.08171981769456e-08,4.1425865506305e-09,-0.00448181831680455,0.00265655738989646,0.00440943636702125
4.01826764134874e-09,3.95922740148436e-08,4.01826750257086e-09,-0.00434778652529202,0.00258098421675677,0.00427814509295063
3.89767938910966e-09,3.84041100032206e-08,3.89767922257621e-09,-0.00421773378126518,0.00250754336999758,0.00415073172893178
3.78070998402839e-09,3.72516025526348e-08,3.78070984525052e-09,-0.00409154104894038,0.00243616272868292,0.0040270782366564
3.66725095314516e-09,3.61336821297353e-08,3.66725086987843e-09,-0.00396909307151636,0.00236677261478778,0.00390707046176717
3.55719673062237e-09,3.50493102874161e-08,3.55719661960007e-09,-0.00385027825408604,0.00229930582019086,0.00379059803220313
3.45044529670061e-09,3.39974806640164e-08,3.45044521343388e-09,-0.00373498855022667,0.00223369763450272,0.00367755425966594
3.34689744200665e-09,3.29772161244968e-08,3.34689735873993e-09,-0.00362311935221366,0.00216988587284296,0.00356783604404945
3.24645708830662e-09,3.19875700927064e-08,3.24645697728432e-09,-0.00351456938481428,0.00210781090261003,0.00346134378068232
3.14903091084688e-09,3.1027622832136e-08,3.14903085533573e-09,-0.00340924060263775,0.00204741566823729,0.003357981270252
3.05452857665752e-09,3.00964841104534e-08,3.05452843787964e-09,-0.00330703809101377,0.00198864571286954,0.0032576556312667
2.96286214205906e-09,2.91932886198332e-08,2.96286203103676e-09,-0.00320786997039998,0.00193144919585659,0.00316027721493598
2.87394672889829e-09,2.83171978365804e-08,2.87394667338713e-09,-0.00311164730431344,0.00187577690492496,0.00306575952234426
2.78769949504162e-09,2.74673987443741e-08,2.78769941177489e-09,-0.00301828401080597,0.00182158226187013,0.00297401912381249
2.70404073901902e-09,2.66431020856661e-08,2.70404068350787e-09,-0.00292769677749797,0.00176882132059394,0.00288497558033202
2.62289245081648e-09,2.58435426392367e-08,2.62289239530532e-09,-0.00283980498020788,0.00171745275632486,0.00279855136698589
2.54417940641789e-09,2.50679778601715e-08,2.54417935090674e-09,-0.00275453060521175,0.00166743784486729,0.00271467179825343
0,0,0,-0.0026717981451595,0.00161874042421874,0.00263326498960736
2.46782852745437e-09,2.43156878798612e-08,2.46782847194322e-09,-0.0025915346792304,0.00157132688253614,0.00255426161435257
2.39376894484475e-09,2.3585974062712e-08,2.39376891708918e-09,-0.00251366950475778,0.00152516603867093,0.00247759517730488
2.32193193991715e-09,2.28781590894123e-08,2.321931884406e-09,-0.00243813437717997,0.00148022913163594,0.00240320160456123
2.25225071086763e-09,2.21915854303756e-08,2.25225065535648e-09,-0.00236486329943199,0.00143648970503022,0.00233101934784798
2.18466087433306e-09,2.15256161228972e-08,2.18466076331076e-09,-0.00229379249750949,0.00139392351111661,0.00226098928557237
2.11909924635767e-09,2.08796323564187e-08,2.11909916309094e-09,-0.00222486036958356,0.00135250839308246,0.00219305465935147
0,0,0,-0.00215800741896455,0.00131222414642639,0.00212716103511035
0,0,0,-0.002093176292843,0.00127305238558066,0.00206325614889868
0,0,0,-0.00203030227241274,0.00123500917124252,0.00200128004776834
0,0,0,-0.00196931851949422,0.00119809807421247,0.00194116726644644
2.05550490302246e-09,2.02530343051954e-08,2.05550487526689e-09,-0.00191016812287195,0.00116228569185556,0.00188286166409636
0,0,0,-0.00185279582065556,0.00112753957492614,0.00182630887748592
0,0,0,-0.00179714812499177,0.00109382823819775,0.00177145606669016
0,0,0,-0.00174317309514893,0.00106112109710716,0.00171825206638898
1.99381914258773e-09,1.96452407397185e-08,1.99381911483215e-09,-0.00169082039136084,0.00102938846358566,0.00166664721979854
0,0,0,-0.00164004113336491,0.000998601501025376,0.00161659343913367
1.93398472599052e-09,1.90556870283132e-08,1.93398467047937e-09,-0.00159078802023057,0.000968732235315799,0.00156804396994196
1.87594587011006e-09,1.84838259698061e-08,1.87594581459891e-09,-0.00154301507780256,0.000939753487201076,0.00152095358461825
0,0,0,-0.00149667776372508,0.000911638880156712,0.00147527837018313
0,0,0,-0.00145173290286837,0.000884362813613963,0.00143097571216821
0,0,0,-0.00140813858535971,0.000857900428011928,0.00138800432450958
0,0,0,-0.00136585417801294,0.000832227594078396,0.00134632415243918
0,0,0,-0.0013248402731586,0.000807320889457121,0.00130589634934419
0,0,0,-0.00128505865150386,0.000783157578518516,0.00126668324014867
0,0,0,-0.00124647224613006,0.000759715592716321,0.00122864828581626
0,0,0,-0.0012090451075879,0.000736973511474506,0.00119175604893662
0,0,0,-0.00117274237006382,0.000714910543594614,0.00115597216036611
0,0,0,-0.00113753021857366,0.000693506509169302,0.001121263286885
0,0,0,-0.00110337585716291,0.000672741821991184,0.00108759709984219
0,0,0,-0.00107024747807316,0.000652597472444521,0.00105494224475877
0,0,0,-0.00103811423185163,0.000633055010868085,0.0010232683118564
0,0,0,-0.00100694619836983,0.000614096531376765,0.000992545807485534
0,0,0,-0.000976714358725039,0.000595704656132483,0.000962746126422331
0,0,0,-0.000947390567998863,0.000577862520051095,0.000933841525011858
0,0,0,-0.000918947528843805,0.000560553755935546,0.0009058050951265
0,0,0,-0.000891358765873207,0.000543762480023919,0.000878610738919261
0,0,0,-0.000864598600830879,0.000527473277942057,0.000852233144341907
0,0,0,-0.00083864212851481,0.000511671191050528,0.000826647761410282
0,0,0,-0.000813465193433838,0.000496341703175018,0.000801830779189494
0,0,0,-0.000789044367171421,0.000481470727711063,0.000777759103479436
0,0,0,-0.000765356926438976,0.000467044595092765,0.000754410335176092
1.81964864981501e-09,1.7929126655547e-08,1.81964862205943e-09,-0.000742380837939971,0.000453050041957497,0.000731762742225004
0,0,0,-0.00072009470714085,0.000439474192720404,0.000709795274383529
0,0,0,-0.000698477819161658,0.000426304561039694,0.000688487473747501
0,0,0,-0.00067751005876604,0.000413529025918871,0.000667819524896807
0,0,0,-0.000657171921700117,0.00040113582710469,0.000647772201950114
0,0,0,-0.000637444490449224,0.00038911355332121,0.000628326857410544
1.76504099459621e-09,1.73910734979632e-08,1.76504099459621e-09,-0.000618309421510026,0.000377451133115047,0.000609465399013201
1.71207217886435e-09,1.68691673407828e-08,1.71207217886435e-09,-0.000599748908193062,0.000366137820602831,0.000591170295805442
0,0,0,-0.000581745689928859,0.000355163191269491,0.000573424532081201
0,0,0,-0.000564283033465229,0.00034451713215338,0.000556211594428424
0,0,0,-0.000547344695514984,0.000334189828105934,0.000539515481173369
1.66069277456821e-09,1.63629234051221e-08,1.66069277456821e-09,-0.000530914929670619,0.000324171757575031,0.000523320662184998
0,0,0,-0.000514978447162195,0.000314453678775951,0.000507612092478515
0,0,0,-0.000499520442337809,0.000305026629804657,0.000492375152625124
0,0,0,-0.000484526539272556,0.000295881912223437,0.000477595680329457
0,0,0,-0.000469982798031454,0.000287011087269715,0.000463259934751492
0,0,0,-0.000455875697740193,0.00027840596741406,0.000449354588137107
0,0,0,-0.000442192123967455,0.000270058608939512,0.000435866713379252
0,0,0,-0.00042891935648659,0.000261961304737741,0.000422783771954038
0,0,0,-0.000416045057407777,0.000254106577313902,0.000410093602220774
0,0,0,-0.000403557259668452,0.000246487171995321,0.000397784408077251
0,0,0,-0.000391444355871795,0.000239096050337945,0.00038584474795611
0,0,0,-0.000379695087460385,0.000231926383725749,0.00037426352415304
0,0,0,-0.000368298534218825,0.000224971547155998,0.000363029972478057
0,0,0,-0.000357244104092214,0.000218225113207133,0.000352133652218978
0,0,0,-0.00034652152331105,0.000211680846181864,0.000341564436408093
0,0,0,-0.00033612082681489,0.000205332696423312,0.000331312502380832
0,0,0,-0.000326032348965666,0.000199174794796161,0.000321368322620752
0,0,0,-0.000316246714539115,0.000193201447329939,0.000311722655880975
0,0,0,-0.000306754829988876,0.000187407130020226,0.00030236653857163
0,0,0,-0.000297547874974935,0.000181786483781722,0.000293291276408758
0,0,0,-0.000288617294144977,0.000176334309549027,0.000284488436313901
0,0,0,-0.000279954789166648,0.000171045563523677,0.000275949838557832
0,0,0,-0.000271552310996515,0.00016591535255788,0.000267667549142314
0,0,0,-0.000263402052385064,0.000160938929676445,0.000259633872409792
0,0,0,-0.000255496440605629,0.00015611168973051,0.000251841343876125
0,0,0,-0.000247828130402916,0.000151429165177207,0.000244282723281253
0,0,0,-0.000240389997154478,0.000146887021986577,0.000236950987845486
0,0,0,-0.000233175130236019,0.000142481055667358,0.000229839325733061
0,0,0,-0.000226176826590097,0.000138207187410504,0.000222941129708776
0,0,0,-0.000219388584485558,0.000134061460347175,0.000216249990988016
0,0,0,-0.000212804097466046,0.000130040035916742,0.000209759693272527
0,0,0,-0.000206417248479807,0.000126139190341771,0.000203464206962489
0,0,0,-0.000200222104187464,0.000122355311208274,0.000197357683546118
0,0,0,-0.00019421290944166,0.000118684894146573,0.000191434450157457
0,0,0,-0.000188384081928894,0.000115124539610222,0.000185689004296274
0,0,0,-0.000182730206978454,0.000111670949750895,0.000180116008708264
0,0,0,-0.000177246032522671,0.000108320925384762,0.000174710286420576
0,0,0,-0.000171926464211603,0.000105071363050629,0.000169466815923225
0,0,0,-0.000166766560673492,0.000101919252153364,0.000164380726499047
1.61085563134701e-09,1.58718721221529e-08,1.61085557583585e-09,-0.000161761530104407,9.88616724519601e-05,0.000159447292328861
0,0,0,-0.000156906719907757,9.58957900984044e-05,0.00015466193486946
0,0,0,-0.000152197624117334,9.30188575293672e-05,0.000150020205134993
0,0,0,-0.000147629867513488,9.0228208478735e-05,0.000145517792928485
0,0,0,-0.000143199207370825,8.75212567258391e-05,0.000141150516194455
0,0,0,-0.000138901528355051,8.48954934769916e-05,0.0001369143184482
0,0,0,-0.000134732838696694,8.23484850517534e-05,0.000132805265003921
0,0,0,-0.000130689266478634,7.98778706399779e-05,0.000128819539314318
0,0,0,-0.000126767056035648,7.74813601237342e-05,0.000124953439422981
0,0,0,-0.000122962564463425,7.51567319663432e-05,0.000121203374522261
0,0,0,-0.000119272258229941,7.2901831161531e-05,0.000117565861613711
0,0,0,-0.000115692709891313,7.0714567245992e-05,0.000114037522270238
0,0,0,-0.000112220594905454,6.85929123693767e-05,0.000110615079495613
0,0,0,-0.000108852688540551,6.65348994232467e-05,0.000107295354676795
0,0,0,-0.00010558586287801,6.45386202241672e-05,0.000104075264630854
0,0,0,-0.000102417083904904,6.26022237522269e-05,0.000100951818736927
1.56251378220999e-09,1.53955570514341e-08,1.56251375445442e-09,-9.93434093994507e-05,6.07239145955346e-05,9.79221153445034e-05
0,0,0,-9.63619826802598e-05,5.89019505336626e-05,9.49833431124203e-05
0,0,0,-9.34712106480662e-05,5.71347640760751e-05,9.21344957826031e-05
1.51562275513934e-09,1.49335362131797e-08,1.51562278289491e-09,-9.06740695368915e-05,5.54308446480249e-05,8.93823331013386e-05
0,0,0,-8.7973473249181e-05,5.38008609165037e-05,8.67337193731776e-05
0,0,0,-8.53719101946426e-05,5.22541180277977e-05,8.41946626027879e-05
0,0,0,-8.28714740744863e-05,5.07985026596924e-05,8.17703578687157e-05
0,0,0,-8.04738997507437e-05,4.94404533548224e-05,7.94652191299372e-05
0,0,0,-7.81805922192014e-05,4.81849507652236e-05,7.72829150629262e-05
1.47013896547858e-09,1.4485380811502e-08,1.47013890996743e-09,-7.5992653356791e-05,4.70355279255004e-05,7.52264029961866e-05
0,0,0,-7.39109026676177e-05,4.59942977281201e-05,7.32979658994992e-05
0,0,0,-7.19359019539789e-05,4.50619998842333e-05,7.14992390656866e-05
0,0,0,-7.00679687604122e-05,4.42380577312325e-05,6.9831249512764e-05
0,0,0,-6.83071933217372e-05,4.35206524130374e-05,6.82944441321442e-05
0,0,0,-6.66534510407324e-05,4.29068062540283e-05,6.68887214750891e-05
0,0,0,-6.51064132818346e-05,4.23924759665295e-05,6.5613462023939e-05
0,0,0,-6.366555635684e-05,4.1972653558245e-05,6.44675577123888e-05
1.42602014910286e-09,1.40506743184776e-08,1.4260200935917e-09,-6.23301693478197e-05,4.16414733216092e-05,6.34494402416588e-05
0,0,0,-6.10993583226582e-05,4.13923221897889e-05,6.25571117722767e-05
0,0,0,-5.99720543048576e-05,4.12179564176764e-05,6.1788166410448e-05
0,0,0,-5.89470146418192e-05,4.11106132894956e-05,6.11398233711924e-05
0,0,0,-5.80228271501726e-05,4.1062128513538e-05,6.06089494507023e-05
0,0,0,-5.71979125337796e-05,4.10640493954051e-05,6.01920851988069e-05
0,0,0,-5.64705265259091e-05,4.11077459210399e-05,5.98854697194673e-05
0,0,0,-5.58387617707323e-05,4.11845181214554e-05,5.96850648956204e-05
0,0,0,-5.5300549577586e-05,4.12856987438007e-05,5.95865790630201e-05
0,0,0,-5.48536616931106e-05,4.14027503705343e-05,5.95854901588311e-05
0,0,0,-5.44957121865197e-05,4.15273562406085e-05,5.96770683579662e-05
0,0,0,-5.42241595646864e-05,4.16515041386147e-05,5.98563982191491e-05
0,0,0,-5.40363091966478e-05,4.17675628330558e-05,6.01184003504729e-05
0,0,0,-5.39293161221366e-05,4.18683506468012e-05,6.045785260822e-05
0,0,0,-5.3900188308531e-05,4.19471958523307e-05,6.08694108300556e-05
0,0,0,-5.39457903996343e-05,4.1997988678495e-05,6.13476291126958e-05
0,0,0,-5.40628480020233e-05,4.20152248157704e-05,6.18869796276122e-05
0,0,0,-5.4247952524511e-05,4.1994040390782e-05,6.24818719786591e-05
0,0,0,-5.44975665973668e-05,4.19302384672161e-05,6.31266720889645e-05
0,0,0,-5.48080300726284e-05,4.1820307207293e-05,6.38157206146461e-05
0,0,0,-5.51755666061693e-05,4.16614298973021e-05,6.45433508725812e-05
0,0,0,-5.55962908153074e-05,4.14514871102063e-05,6.53039062679106e-05
1.38322528530903e-09,1.36290131957928e-08,1.38322528530903e-09,-5.60662164161951e-05,4.11890514151212e-05,6.60917568017327e-05
0,0,0,-5.65812627185691e-05,4.08733739532765e-05,6.69013178885569e-05
0,0,0,-5.7137266200713e-05,4.05043679383158e-05,6.77270605725644e-05
0,0,0,-5.77299876766135e-05,4.00825794230043e-05,6.85635332213774e-05
0,0,0,-5.83551226771561e-05,3.96091583930728e-05,6.94053726292276e-05
0,0,0,-5.90083115121764e-05,3.9085821719818e-05,7.02473189269082e-05
0,0,0,-5.96851497728368e-05,3.85148120238144e-05,7.10842290814195e-05
0,0,0,-6.03811991759517e-05,3.78988524571672e-05,7.19110897648978e-05
0,0,0,-6.10919987136249e-05,3.72410979933938e-05,7.27230295790582e-05
0,0,0,-6.18130760670077e-05,3.65450838270602e-05,7.35153306271608e-05
0,0,0,-6.25399592475429e-05,3.5814671485915e-05,7.42834394098502e-05
0,0,0,-6.32681884250585e-05,3.50539932614512e-05,7.50229770460908e-05
0,0,0,-6.39933279070748e-05,3.42673955588051e-05,7.57297488003239e-05
0,0,0,-6.47109782360156e-05,3.34593817569078e-05,7.63997529167337e-05
0,0,0,-6.54167883639145e-05,3.26345551641713e-05,7.70291887509655e-05
0,0,0,-6.61064678784129e-05,3.17975626315936e-05,7.76144641979615e-05
0,0,0,-6.67757992457441e-05,3.0953039373536e-05,7.81522024194681e-05
0,0,0,-6.74206500426155e-05,3.01055555216148e-05,7.86392478698827e-05
0,0,0,-6.80369851502327e-05,2.92595649109458e-05,7.90726716272117e-05
1.3417146523269e-09,1.32200068114763e-08,1.34171462457132e-09,-6.86208793913595e-05,2.84193566728903e-05,7.94497755655933e-05
0,0,0,-6.91685273015441e-05,2.75890093015932e-05,7.9768098918076e-05
0,0,0,-6.96762591059219e-05,2.67723501704436e-05,8.00254159198932e-05
0,0,0,-7.01405490163287e-05,2.59729161859361e-05,8.02197446081454e-05
0,0,0,-7.05580283990592e-05,2.5193921012523e-05,8.03493455338034e-05
0,0,0,-7.09254970420181e-05,2.44382258582032e-05,8.04127238916985e-05
0,0,0,-7.12399344970915e-05,2.37083152583653e-05,8.04086303530793e-05
0,0,0,-7.14985112326705e-05,2.30062778880526e-05,8.03360613345072e-05
0,0,0,-7.16985995943276e-05,2.23337925656318e-05,8.01942587338456e-05
0,0,0,-7.18377845481122e-05,2.16921195632432e-05,7.99827091583216e-05
1.30144988340802e-09,1.28232743867862e-08,1.30144982789687e-09,-7.19138747085341e-05,2.10820973925832e-05,7.97011422054953e-05
0,0,0,-7.19249103245945e-05,2.05041445250814e-05,7.93495312878534e-05
0,0,0,-7.18691775891678e-05,1.99582672684262e-05,7.89280862364405e-05
0,0,0,-7.1745214550778e-05,1.94440723123946e-05,7.84372564257563e-05
0,0,0,-7.15518224119194e-05,1.89607845069875e-05,7.78777250404206e-05
0,0,0,-7.1288074477871e-05,1.85072696807536e-05,7.725040660711e-05
0,0,0,-7.09533251300742e-05,1.80820621080126e-05,7.65564436642219e-05
0,0,0,-7.05472185033029e-05,1.76833963682868e-05,7.5797203222816e-05
0,0,0,-7.00696968437553e-05,1.73092432404774e-05,7.49742730780101e-05
1.26239333542147e-09,1.2438447549723e-08,1.26239336317705e-09,-6.95210089898168e-05,1.69573493203101e-05,7.40894575638395e-05
0,0,0,-6.89017159239969e-05,1.66252795109693e-05,7.31447759807491e-05
0,0,0,-6.82127021321977e-05,1.63104623091234e-05,7.21424540337523e-05
0,0,0,-6.74551787456235e-05,1.60102378680123e-05,7.10849248732881e-05
0,0,0,-6.6630691869296e-05,1.57219064456453e-05,6.9974822909602e-05
0,0,0,-6.57411283778719e-05,1.54427784389763e-05,6.88149808086846e-05
0,0,0,-6.47887216067566e-05,1.51702244590423e-05,6.76084262156706e-05
1.22450896192887e-09,1.20651700297181e-08,1.22450901744003e-09,-6.37760569787723e-05,1.49017249797654e-05,6.63583783901346e-05
0,0,0,-6.27060748777941e-05,1.46349185190818e-05,6.50682476107667e-05
0,0,0,-6.1582078523581e-05,1.43676477854223e-05,6.37416289691606e-05
0,0,0,-6.04077342459819e-05,1.40980039623864e-05,6.23823048753192e-05
0,0,0,-5.91870763412272e-05,1.38243661590156e-05,6.09942419439458e-05
0,0,0,-5.79245093951242e-05,1.35454373450941e-05,5.95815910857667e-05
0,0,0,-5.66248103410771e-05,1.32602750663021e-05,5.81486879348558e-05
0,0,0,-5.52931299182546e-05,1.29683163803242e-05,5.67000541232821e-05
0,0,0,-5.3934993506588e-05,1.26693963244937e-05,5.52403994840134e-05
0,0,0,-5.25563013225039e-05,1.23637592627711e-05,5.37746252667892e-05
0,0,0,-5.11633279500767e-05,1.2052062531606e-05,5.23078284486722e-05
0,0,0,-4.97627211893947e-05,1.17353718671781e-05,5.08453072164405e-05
0,0,0,-4.83615001999338e-05,1.14151481911059e-05,4.93925677055307e-05
0,0,0,-4.69670529136268e-05,1.10932254329101e-05,4.79553320598125e-05
0,0,0,-4.5587132691316e-05,1.07717791825603e-05,4.65395478894681e-05
0,0,0,-4.42298541968311e-05,1.04532861039412e-05,4.51513991822639e-05
